player_id,source_url,player_name,age,birth_date,position,bat_throw,height_weight,career,draft,season,team,games,plate_appearances,at_bats,runs,hits,doubles,triples,home_runs,total_bases,runs_batted_in,stolen_bases,caught_stealing,walks,hit_by_pitch,strikeouts,grounded_into_double_play,sacrifice_flies,sacrifice_hits,errors,batting_average,slugging_percentage,on_base_percentage,on_base_plus_slugging,as_of_date,is_partial,age_was_corrected,height_cm,weight_kg
50054,https://www.koreabaseball.com/Record/Player/HitterDetail/Basic.aspx?playerId=50054,천성호,29,1997-10-30,2B,L/R,183cm/85kg,광주화정초-충장중-진흥고-단국대-KT-상무-KT,20 KT 2차 2라운드 12순위,2026,LG,76,221,202,33,56,14,1,1,75,26,5,1,14,3,33,7,0,2,8,0.277,0.371,0.333,0.704,2026-07-20,True,True,183,85
50066,https://www.koreabaseball.com/Record/Player/HitterDetail/Basic.aspx?playerId=50066,강현우,25,2001-04-13,C,R/R,180cm/90kg,원종초(부천시리틀)-부천중-유신고,20 KT 2차 1라운드 2순위,2026,KT,21,23,19,1,3,0,0,0,3,0,0,0,4,0,6,1,0,0,1,0.158,0.158,0.304,0.462,2026-07-20,True,True,180,90
50092,https://www.koreabaseball.com/Record/Player/HitterDetail/Basic.aspx?playerId=50092,윤준혁,25,2001-07-26,1B,R/R,186cm/86kg,역촌초(은평구리틀)-충암중-충암고-KT,20 KT 2차 4라운드 32순위,2026,NC,3,4,4,1,1,1,0,0,2,0,0,0,0,0,0,0,0,0,0,0.25,0.5,0.25,0.75,2026-07-20,True,True,186,86
50150,https://www.koreabaseball.com/Record/Player/HitterDetail/Basic.aspx?playerId=50150,손호영,32,1994-08-23,3B,R/R,182cm/88kg,의왕부곡초-평촌중-충훈고-LG,20 LG 2차 3라운드 23순위,2026,롯데,62,168,152,19,33,9,0,4,54,17,2,2,11,3,32,3,2,0,6,0.217,0.355,0.28,0.635,2026-07-20,True,True,182,88
50167,https://www.koreabaseball.com/Record/Player/HitterDetail/Basic.aspx?playerId=50167,이주형,25,2001-04-02,OF,L/R,181cm/80kg,송수초(해운대리틀)-센텀중-경남고-LG,20 LG 2차 2라운드 13순위,2026,키움,24,103,94,12,23,9,1,2,40,12,4,0,5,3,21,0,0,1,2,0.245,0.426,0.304,0.73,2026-07-20,True,True,181,80
50204,https://www.koreabaseball.com/Record/Player/HitterDetail/Basic.aspx?playerId=50204,박지훈,26,2000-09-07,3B,R/R,183cm/80kg,김해삼성초-경남중-마산고,20 두산 2차 5라운드 49순위,2026,두산,79,221,187,28,47,4,2,0,55,18,5,1,20,4,33,3,0,10,7,0.251,0.294,0.336,0.63,2026-07-20,True,True,183,80
50208,https://www.koreabaseball.com/Record/Player/HitterDetail/Basic.aspx?playerId=50208,오명진,25,2001-09-04,2B,L/R,179cm/79kg,대전신흥초-한밭중-세광고,20 두산 2차 6라운드 59순위,2026,두산,49,123,106,12,28,6,2,2,44,12,0,3,14,0,22,3,2,1,3,0.264,0.415,0.344,0.759,2026-07-20,True,True,179,79
50357,https://www.koreabaseball.com/Record/Player/HitterDetail/Basic.aspx?playerId=50357,박주홍,25,2001-04-16,OF,L/L,187cm/87kg,자양초(하남시리틀)-건대부중-장충고,20 키움 1차,2026,키움,45,159,135,17,32,6,1,2,46,7,3,0,20,4,43,2,0,0,2,0.237,0.341,0.352,0.693,2026-07-20,True,True,187,87
50458,https://www.koreabaseball.com/Record/Player/HitterDetail/Basic.aspx?playerId=50458,김지찬,25,2001-03-08,OF,L/R,163cm/64kg,백사초(이천시리틀)-모가중-라온고,20 삼성 2차 2라운드 15순위,2026,삼성,86,332,275,64,86,6,2,0,96,27,15,3,43,3,23,2,3,8,1,0.313,0.349,0.407,0.756,2026-07-20,True,True,163,64
50500,https://www.koreabaseball.com/Record/Player/HitterDetail/Basic.aspx?playerId=50500,황성빈,29,1997-12-19,OF,L/R,172cm/76kg,관산초-안산중앙중-소래고-경남대,20 롯데 2차 5라운드 44순위,2026,롯데,69,276,251,38,71,6,6,0,89,20,34,6,18,1,45,1,2,4,3,0.283,0.355,0.331,0.686,2026-07-20,True,True,172,76
50556,https://www.koreabaseball.com/Record/Player/HitterDetail/Basic.aspx?playerId=50556,최준용,25,2001-10-10,P,R/R,185cm/85kg,부산수영초-대천중-경남고,20 롯데 1차,2026,롯데,4,0,0,0,0,0,0,0,0,0,0,0,0,0,0,0,0,0,0,,,,,2026-07-20,True,True,185,85
50657,https://www.koreabaseball.com/Record/Player/HitterDetail/Basic.aspx?playerId=50657,박민,25,2001-06-05,3B,R/R,184cm/84kg,갈산초-성남중-야탑고-KIA-상무,20 KIA 2차 1라운드 6순위,2026,KIA,73,183,160,18,32,5,0,3,46,20,5,0,14,2,31,6,0,7,5,0.2,0.288,0.273,0.561,2026-07-20,True,True,184,84
50707,https://www.koreabaseball.com/Record/Player/HitterDetail/Basic.aspx?playerId=50707,최인호,26,2000-01-30,OF,L/R,178cm/82kg,송정동초-광주동성중-포항제철고-한화-상무,20 한화 2차 6라운드 58순위,2026,한화,29,53,45,5,12,2,0,1,17,6,0,0,5,1,7,2,2,0,0,0.267,0.378,0.34,0.718,2026-07-20,True,True,178,82
50709,https://www.koreabaseball.com/Record/Player/HitterDetail/Basic.aspx?playerId=50709,박정현,25,2001-07-27,SS,R/R,183cm/80kg,부천북초-부천중-유신고-한화-상무,20 한화 2차 8라운드 78순위,2026,한화,28,27,25,5,5,1,0,2,12,3,0,0,2,0,6,0,0,0,2,0.2,0.48,0.259,0.739,2026-07-20,True,True,183,80
50812,https://www.koreabaseball.com/Record/Player/HitterDetail/Basic.aspx?playerId=50812,박시후,25,2001-05-10,P,L/L,182cm/88kg,상인천초-상인천중-인천고-SK,20 SK 2차 10라운드 100순위,2026,SSG,1,0,0,0,0,0,0,0,0,0,0,0,0,0,0,0,0,0,0,,,,,2026-07-20,True,True,182,88
50820,https://www.koreabaseball.com/Record/Player/HitterDetail/Basic.aspx?playerId=50820,전의산,26,2000-11-25,1B,L/R,188cm/108kg,부산수영초-개성중-경남고-SK-SSG-상무,20 SK 2차 1라운드 10순위,2026,SSG,34,122,108,8,29,7,0,4,48,17,1,0,11,1,34,2,2,0,3,0.269,0.444,0.336,0.78,2026-07-20,True,True,188,108
50854,https://www.koreabaseball.com/Record/Player/HitterDetail/Basic.aspx?playerId=50854,최지훈,29,1997-07-23,OF,L/R,178cm/82kg,광주수창초-무등중-광주제일고-동국대-SK,20 SK 2차 3라운드 30순위,2026,SSG,88,361,330,46,79,15,6,11,139,40,12,0,22,3,50,5,4,2,4,0.239,0.421,0.29,0.711,2026-07-20,True,True,178,82
50868,https://www.koreabaseball.com/Record/Player/HitterDetail/Basic.aspx?playerId=50868,류효승,30,1996-07-16,OF,R/R,190cm/100kg,칠성초-경상중-대구상원고-성균관대-SK,20 SK 2차 6라운드 60순위,2026,SSG,8,23,22,1,4,0,0,1,7,1,0,0,1,0,3,0,0,0,0,0.182,0.318,0.217,0.535,2026-07-20,True,True,190,100
50901,https://www.koreabaseball.com/Record/Player/HitterDetail/Basic.aspx?playerId=50901,안인산,25,2001-02-27,OF,R/R,181cm/95kg,군포오금초(안양시리틀)-평촌중-야탑고-NC,20 NC 2차 3라운드 21순위,2026,KT,2,2,2,0,1,0,0,0,1,0,0,0,0,0,1,0,0,0,0,0.5,0.5,0.5,1.0,2026-07-20,True,True,181,95
50902,https://www.koreabaseball.com/Record/Player/HitterDetail/Basic.aspx?playerId=50902,김한별,25,2001-01-18,2B,R/R,177cm/85kg,효제초-선린중-배재고,20 NC 2차 7라운드 61순위,2026,NC,53,115,93,22,23,6,0,0,29,7,2,0,14,6,21,5,0,2,2,0.247,0.312,0.381,0.693,2026-07-20,True,True,177,85
50903,https://www.koreabaseball.com/Record/Player/HitterDetail/Basic.aspx?playerId=50903,한재환,25,2001-10-19,2B,R/R,177cm/89kg,기장대청초(기장리틀)-대신중-개성고,20 NC 2차 8라운드 71순위,2026,NC,5,7,7,2,1,0,0,1,4,1,0,0,0,0,2,2,0,0,0,0.143,0.571,0.143,0.714,2026-07-20,True,True,177,89
50996,https://www.koreabaseball.com/Record/Player/HitterDetail/Basic.aspx?playerId=50996,박시원,25,2001-05-30,OF,L/R,185cm/85kg,광주서림초-광주동성중-광주제일고,20 NC 2차 2라운드 11순위,2026,NC,33,75,65,15,16,4,0,1,23,7,2,0,7,0,19,0,1,2,1,0.246,0.354,0.315,0.669,2026-07-20,True,True,185,85
51003,https://www.koreabaseball.com/Record/Player/HitterDetail/Basic.aspx?playerId=51003,권동진,28,1998-09-12,SS,L/R,178cm/83kg,제주신광초-세광중-세광고-원광대-KT-상무,21 KT 2차 1라운드 5순위,2026,KT,74,165,137,31,41,11,2,1,59,24,1,1,22,2,39,2,0,4,5,0.299,0.431,0.404,0.835,2026-07-20,True,True,178,83
51013,https://www.koreabaseball.com/Record/Player/HitterDetail/Basic.aspx?playerId=51013,유준규,24,2002-08-16,OF,L/R,176cm/69kg,군산신풍초-군산중-군산상고,21 KT 2차 3라운드 25순위,2026,KT,30,49,40,12,12,1,2,0,17,10,3,1,6,0,13,0,0,3,0,0.3,0.425,0.391,0.816,2026-07-20,True,True,176,69
51100,https://www.koreabaseball.com/Record/Player/HitterDetail/Basic.aspx?playerId=51100,이영빈,24,2002-06-17,2B,L/R,182cm/82kg,대전동산초(대전중구리틀)-충남중-세광고-LG-상무,21 LG 2차 1라운드 7순위,2026,LG,49,78,71,9,16,2,0,1,21,9,2,1,5,0,20,0,1,1,6,0.225,0.296,0.273,0.569,2026-07-20,True,True,182,82
51203,https://www.koreabaseball.com/Record/Player/HitterDetail/Basic.aspx?playerId=51203,안재석,24,2002-02-15,SS,L/R,185cm/75kg,성내초(강동구리틀)-배재중-서울고,21 두산 1차,2026,두산,59,231,209,27,56,13,2,6,91,34,4,0,16,3,41,3,2,1,9,0.268,0.435,0.326,0.761,2026-07-20,True,True,185,75
51230,https://www.koreabaseball.com/Record/Player/HitterDetail/Basic.aspx?playerId=51230,김동주,24,2002-02-14,P,R/R,190cm/90kg,갈산초-양천중-선린인터넷고-두산-상무,21 두산 2차 1라운드 10순위,2026,두산,1,0,0,0,0,0,0,0,0,0,0,0,0,0,0,0,0,0,0,,,,,2026-07-20,True,True,190,90
51298,https://www.koreabaseball.com/Record/Player/HitterDetail/Basic.aspx?playerId=51298,박성재,24,2002-11-18,1B,R/R,186cm/98kg,가산초-개성중-부산고-두산-상무,21 두산 2차 8라운드 80순위,2026,두산,4,5,5,0,0,0,0,0,0,0,0,0,0,0,2,0,0,0,1,0.0,0.0,0.0,0.0,2026-07-20,True,True,186,98
51302,https://www.koreabaseball.com/Record/Player/HitterDetail/Basic.aspx?playerId=51302,이주형,24,2002-07-05,OF,L/L,183cm/105kg,이매초-매송중-야탑고-키움-상무,21 키움 2차 4라운드 39순위,2026,키움,5,5,5,0,0,0,0,0,0,0,0,0,0,0,2,0,0,0,0,0.0,0.0,0.0,0.0,2026-07-20,True,True,183,105
51344,https://www.koreabaseball.com/Record/Player/HitterDetail/Basic.aspx?playerId=51344,김휘집,24,2002-01-01,3B,R/R,180cm/92kg,양목초(히어로즈리틀)-대치중-신일고-키움,21 키움 2차 1라운드 9순위,2026,NC,32,121,101,18,25,5,0,6,48,23,2,2,12,7,19,2,0,1,2,0.248,0.475,0.367,0.842,2026-07-20,True,True,180,92
51407,https://www.koreabaseball.com/Record/Player/HitterDetail/Basic.aspx?playerId=51407,이창용,27,1999-06-03,2B,R/R,184cm/89kg,을지초(노원구리틀)-청량중-신흥고-강릉영동대,21 삼성 2차 8라운드 73순위,2026,삼성,2,2,2,0,1,0,0,0,1,0,0,0,0,0,1,0,0,0,0,0.5,0.5,0.5,1.0,2026-07-20,True,True,184,89
51417,https://www.koreabaseball.com/Record/Player/HitterDetail/Basic.aspx?playerId=51417,김현준,24,2002-10-11,OF,L/L,178cm/78kg,가산초(부산진구리틀)-센텀중-개성고-삼성-상무,21 삼성 2차 9라운드 83순위,2026,삼성,11,27,20,6,6,1,0,0,7,7,0,0,4,3,5,0,0,0,0,0.3,0.35,0.481,0.831,2026-07-20,True,True,178,78
51526,https://www.koreabaseball.com/Record/Player/HitterDetail/Basic.aspx?playerId=51526,우강훈,24,2002-10-03,P,R/R,183cm/88kg,희망대초-매송중-야탑고-롯데,21 롯데 2차 5라운드 41순위,2026,LG,1,0,0,0,0,0,0,0,0,0,0,0,0,0,0,0,0,0,0,,,,,2026-07-20,True,True,183,88
51528,https://www.koreabaseball.com/Record/Player/HitterDetail/Basic.aspx?playerId=51528,손성빈,24,2002-01-14,C,R/R,186cm/92kg,희망대초-경기신흥중-장안고-롯데-상무,21 롯데 1차,2026,롯데,82,221,196,22,48,11,0,3,68,18,0,0,15,3,40,2,1,6,6,0.245,0.347,0.307,0.654,2026-07-20,True,True,186,92
51551,https://www.koreabaseball.com/Record/Player/HitterDetail/Basic.aspx?playerId=51551,나승엽,24,2002-02-15,1B,L/R,190cm/82kg,남정초-선린중-덕수고-롯데-상무,21 롯데 2차 2라운드 11순위,2026,롯데,49,192,171,18,41,7,0,5,63,28,1,0,18,0,31,6,3,0,6,0.24,0.368,0.307,0.675,2026-07-20,True,True,190,82
51762,https://www.koreabaseball.com/Record/Player/HitterDetail/Basic.aspx?playerId=51762,장규현,24,2002-06-28,C,L/R,183cm/96kg,인성초(미추홀구리틀)-동인천중-인천고-한화-상무,21 한화 2차 4라운드 32순위,2026,한화,6,10,9,0,3,0,0,0,3,1,0,0,1,0,2,0,0,0,1,0.333,0.333,0.4,0.733,2026-07-20,True,True,183,96
51764,https://www.koreabaseball.com/Record/Player/HitterDetail/Basic.aspx?playerId=51764,정민규,23,2003-01-10,1B,R/R,183cm/101kg,광일초(부산서구리틀)-경남중-부산고-한화-상무,21 한화 1차,2026,한화,2,2,2,0,0,0,0,0,0,0,0,0,0,0,2,0,0,0,0,0.0,0.0,0.0,0.0,2026-07-20,True,True,183,101
51865,https://www.koreabaseball.com/Record/Player/HitterDetail/Basic.aspx?playerId=51865,조형우,24,2002-04-04,C,R/R,187cm/95kg,송정동초-무등중-광주제일고-SK,21 SK 2차 1라운드 8순위,2026,SSG,64,222,196,25,44,11,0,4,67,21,0,0,15,3,41,5,3,5,5,0.224,0.342,0.286,0.628,2026-07-20,True,True,187,95
51868,https://www.koreabaseball.com/Record/Player/HitterDetail/Basic.aspx?playerId=51868,고명준,24,2002-07-08,1B,R/R,185cm/94kg,서원초-세광중-세광고-SK,21 SK 2차 2라운드 18순위,2026,SSG,41,166,153,18,43,8,0,9,78,20,1,0,12,0,36,4,1,0,6,0.281,0.51,0.331,0.841,2026-07-20,True,True,185,94
51897,https://www.koreabaseball.com/Record/Player/HitterDetail/Basic.aspx?playerId=51897,조병현,24,2002-05-08,P,R/R,182cm/90kg,온양온천초-온양중-세광고-SK-SSG-상무,21 SK 2차 3라운드 28순위,2026,SSG,1,0,0,0,0,0,0,0,0,0,0,0,0,0,0,0,0,0,0,,,,,2026-07-20,True,True,182,90
51903,https://www.koreabaseball.com/Record/Player/HitterDetail/Basic.aspx?playerId=51903,김정호,28,1998-07-13,C,R/R,172cm/84kg,대구옥산초-경복중-포항제철고-성균관대,21 NC 2차 8라운드 76순위,2026,NC,9,8,8,0,1,0,0,0,1,0,0,0,0,0,4,0,0,0,1,0.125,0.125,0.125,0.25,2026-07-20,True,True,172,84
51907,https://www.koreabaseball.com/Record/Player/HitterDetail/Basic.aspx?playerId=51907,김주원,24,2002-07-30,SS,S/R,185cm/83kg,삼일초(군포시리틀)-안산중앙중-유신고,21 NC 2차 1라운드 6순위,2026,NC,85,383,337,57,101,16,0,13,156,40,21,4,29,13,51,1,3,1,12,0.3,0.463,0.374,0.837,2026-07-20,True,True,185,83
51991,https://www.koreabaseball.com/Record/Player/HitterDetail/Basic.aspx?playerId=51991,오장한,24,2002-05-20,OF,L/R,185cm/90kg,희망대초-매향중-장안고-NC-상무,21 NC 2차 3라운드 26순위,2026,NC,16,40,40,2,13,2,0,1,18,5,0,1,0,0,15,0,0,0,0,0.325,0.45,0.325,0.775,2026-07-20,True,True,185,90
51996,https://www.koreabaseball.com/Record/Player/HitterDetail/Basic.aspx?playerId=51996,오태양,24,2002-04-25,OF,R/R,180cm/78kg,방배초-대치중-청원고-NC-상무,21 NC 2차 5라운드 46순위,2026,NC,15,16,12,2,0,0,0,0,0,1,0,1,3,0,6,0,1,0,1,0.0,0.0,0.188,0.188,2026-07-20,True,True,180,78
52001,https://www.koreabaseball.com/Record/Player/HitterDetail/Basic.aspx?playerId=52001,안현민,23,2003-08-22,OF,R/R,183cm/90kg,임호초(김해리틀)-개성중-마산고,22 KT 2차 4라운드 38순위,2026,KT,37,162,119,24,36,7,1,4,57,23,2,0,30,11,32,2,2,0,1,0.303,0.479,0.475,0.954,2026-07-20,True,True,183,90
52060,https://www.koreabaseball.com/Record/Player/HitterDetail/Basic.aspx?playerId=52060,박영현,23,2003-10-11,P,R/R,183cm/91kg,부천북초-부천중-유신고,22 KT 1차,2026,KT,7,0,0,0,0,0,0,0,0,0,0,0,0,0,0,0,0,0,0,,,,,2026-07-20,True,True,183,91
52103,https://www.koreabaseball.com/Record/Player/HitterDetail/Basic.aspx?playerId=52103,최원영,23,2003-07-18,OF,R/R,174cm/76kg,부산수영초-사직중-부산고,22 LG 2차 6라운드 57순위,2026,LG,25,15,14,7,2,1,0,0,3,1,4,2,0,0,3,1,0,1,0,0.143,0.214,0.143,0.357,2026-07-20,True,True,174,76
52121,https://www.koreabaseball.com/Record/Player/HitterDetail/Basic.aspx?playerId=52121,문정빈,23,2003-08-15,3B,R/R,186cm/90kg,가동초-잠신중-서울고,22 LG 2차 8라운드 77순위,2026,LG,37,105,93,15,29,6,2,8,63,22,0,0,11,0,28,1,1,0,4,0.312,0.677,0.381,1.058,2026-07-20,True,True,186,90
52154,https://www.koreabaseball.com/Record/Player/HitterDetail/Basic.aspx?playerId=52154,이주헌,23,2003-03-04,C,R/R,185cm/92kg,서울이수초-성남중-성남고,22 LG 2차 3라운드 27순위,2026,LG,41,77,72,8,16,1,0,3,26,9,0,0,2,1,23,1,1,1,2,0.222,0.361,0.25,0.611,2026-07-20,True,True,185,92
52202,https://www.koreabaseball.com/Record/Player/HitterDetail/Basic.aspx?playerId=52202,윤태호,23,2003-10-10,P,R/R,190cm/88kg,상인천초-동인천중-인천고,22 두산 2차 5라운드 49순위,2026,두산,1,0,0,0,0,0,0,0,0,0,0,0,0,0,0,0,0,0,0,,,,,2026-07-20,True,True,190,88
52204,https://www.koreabaseball.com/Record/Player/HitterDetail/Basic.aspx?playerId=52204,이병헌,23,2003-06-04,P,L/L,183cm/95kg,역삼초-영동중-서울고,22 두산 1차,2026,두산,1,0,0,0,0,0,0,0,0,0,0,0,0,0,0,0,0,0,0,,,,,2026-07-20,True,True,183,95
52206,https://www.koreabaseball.com/Record/Player/HitterDetail/Basic.aspx?playerId=52206,최지강,25,2001-07-23,P,L/R,180cm/88kg,광주서석초-광주동성중-광주동성고-강릉영동대,22 두산 육성선수,2026,두산,1,0,0,0,0,0,0,0,0,0,0,0,0,0,0,0,0,0,0,,,,,2026-07-20,True,True,180,88
52305,https://www.koreabaseball.com/Record/Player/HitterDetail/Basic.aspx?playerId=52305,박수종,27,1999-02-25,OF,R/R,178cm/82kg,도신초-강남중-충암고-경성대,22 키움 육성선수,2026,키움,44,57,49,10,10,2,0,0,12,2,0,0,5,1,9,1,0,2,0,0.204,0.245,0.291,0.536,2026-07-20,True,True,178,82
52348,https://www.koreabaseball.com/Record/Player/HitterDetail/Basic.aspx?playerId=52348,박찬혁,23,2003-04-25,OF,R/R,181cm/87kg,대전유천초(대전서구리틀)-한밭중-북일고-키움-상무,22 키움 2차 1라운드 6순위,2026,키움,49,167,148,15,39,5,0,5,59,17,0,0,12,3,44,4,1,3,0,0.264,0.399,0.329,0.728,2026-07-20,True,True,181,87
52415,https://www.koreabaseball.com/Record/Player/HitterDetail/Basic.aspx?playerId=52415,이재현,23,2003-02-04,SS,R/R,180cm/82kg,서울이수초-선린중-서울고,22 삼성 1차,2026,삼성,38,135,111,23,27,3,0,8,54,21,0,0,18,2,17,1,2,2,9,0.243,0.486,0.353,0.839,2026-07-20,True,True,180,82
52424,https://www.koreabaseball.com/Record/Player/HitterDetail/Basic.aspx?playerId=52424,김재혁,27,1999-12-26,OF,R/R,182cm/85kg,제주남초-제주제일중-제주고-동아대-삼성-상무,22 삼성 2차 2라운드 13순위,2026,삼성,10,6,6,1,1,0,0,0,1,0,0,0,0,0,2,0,0,0,0,0.167,0.167,0.167,0.334,2026-07-20,True,True,182,85
52430,https://www.koreabaseball.com/Record/Player/HitterDetail/Basic.aspx?playerId=52430,김영웅,23,2003-08-24,3B,L/R,183cm/81kg,공주중동초-야로중-물금고,22 삼성 2차 1라운드 3순위,2026,삼성,19,74,72,4,12,2,0,2,20,6,0,0,2,0,25,0,0,0,3,0.167,0.278,0.189,0.467,2026-07-20,True,True,183,81
52504,https://www.koreabaseball.com/Record/Player/HitterDetail/Basic.aspx?playerId=52504,김동혁,26,2000-09-15,OF,L/L,177cm/77kg,서화초-상인천중-제물포고-강릉영동대,22 롯데 2차 7라운드 64순위,2026,롯데,26,17,13,9,3,0,0,0,3,1,0,2,3,0,4,0,0,1,0,0.231,0.231,0.375,0.606,2026-07-20,True,True,177,77
52514,https://www.koreabaseball.com/Record/Player/HitterDetail/Basic.aspx?playerId=52514,김세민,23,2003-06-14,2B,R/R,183cm/78kg,강릉중앙초-하슬라중-강릉고,22 롯데 2차 3라운드 28순위,2026,롯데,39,41,34,7,7,3,0,1,13,2,0,0,5,0,8,1,0,2,1,0.206,0.382,0.308,0.69,2026-07-20,True,True,183,78
52516,https://www.koreabaseball.com/Record/Player/HitterDetail/Basic.aspx?playerId=52516,조세진,23,2003-11-21,OF,R/R,181cm/86kg,장안초(성남중원구리틀)-선린중-서울고-롯데-상무,22 롯데 2차 1라운드 4순위,2026,롯데,8,26,24,1,4,0,1,1,9,4,0,0,2,0,8,0,0,0,1,0.167,0.375,0.231,0.606,2026-07-20,True,True,181,86
52568,https://www.koreabaseball.com/Record/Player/HitterDetail/Basic.aspx?playerId=52568,한태양,23,2003-09-15,2B,R/R,181cm/76kg,역삼초-언북중-덕수고-롯데-상무,22 롯데 2차 6라운드 54순위,2026,롯데,41,131,117,22,31,5,1,0,38,5,9,0,12,1,27,1,0,1,2,0.265,0.325,0.338,0.663,2026-07-20,True,True,181,76
52591,https://www.koreabaseball.com/Record/Player/HitterDetail/Basic.aspx?playerId=52591,윤동희,23,2003-09-18,OF,R/R,187cm/85kg,현산초-대원중-야탑고,22 롯데 2차 3라운드 24순위,2026,롯데,48,187,163,19,37,10,0,4,59,12,0,1,21,3,49,3,0,0,2,0.227,0.362,0.326,0.688,2026-07-20,True,True,187,85
52605,https://www.koreabaseball.com/Record/Player/HitterDetail/Basic.aspx?playerId=52605,김도영,23,2003-10-02,3B,R/R,183cm/85kg,광주대성초-광주동성중-광주동성고,22 KIA 1차,2026,KIA,90,391,332,73,98,19,1,27,200,77,6,1,50,5,64,7,4,0,3,0.295,0.602,0.391,0.993,2026-07-20,True,True,183,85
52628,https://www.koreabaseball.com/Record/Player/HitterDetail/Basic.aspx?playerId=52628,한승연,23,2003-06-09,OF,R/R,183cm/92kg,군산신풍초-군산중-전주고-상무,22 KIA 2차 8라운드 75순위,2026,KIA,19,36,29,8,7,1,0,1,11,2,0,0,5,2,11,0,0,0,1,0.241,0.379,0.389,0.768,2026-07-20,True,False,183,92
52634,https://www.koreabaseball.com/Record/Player/HitterDetail/Basic.aspx?playerId=52634,박상준,25,2001-08-21,IF,L/L,178cm/104kg,석교초-세광중-세광고-강릉영동대,22 KIA 육성선수,2026,KIA,28,95,80,10,25,3,0,2,34,9,0,0,14,1,27,0,0,0,3,0.313,0.425,0.421,0.846,2026-07-20,True,False,178,104
52667,https://www.koreabaseball.com/Record/Player/HitterDetail/Basic.aspx?playerId=52667,윤도현,23,2003-05-07,2B,R/R,181cm/84kg,광주화정초-무등중-광주제일고,22 KIA 2차 2라운드 15순위,2026,KIA,20,47,44,4,7,0,0,0,7,3,1,0,2,0,17,1,0,1,0,0.159,0.159,0.196,0.355,2026-07-20,True,True,181,84
52764,https://www.koreabaseball.com/Record/Player/HitterDetail/Basic.aspx?playerId=52764,허인서,23,2003-07-11,C,R/R,182cm/93kg,순천북초-여수중-효천고-한화-상무,22 한화 2차 2라운드 11순위,2026,한화,76,251,219,40,64,8,0,13,111,47,0,1,21,6,74,1,2,3,2,0.292,0.507,0.367,0.874,2026-07-20,True,True,182,93
52765,https://www.koreabaseball.com/Record/Player/HitterDetail/Basic.aspx?playerId=52765,유민,23,2003-01-20,OF,R/R,187cm/92kg,역삼초-대치중-배명고,22 한화 2차 3라운드 21순위,2026,한화,12,29,25,1,5,0,0,0,5,2,0,0,2,2,12,0,0,0,0,0.2,0.2,0.31,0.51,2026-07-20,True,False,187,92
52769,https://www.koreabaseball.com/Record/Player/HitterDetail/Basic.aspx?playerId=52769,권광민,29,1997-12-12,1B,L/L,189cm/102kg,서울청구초-홍은중-장충고,22 한화 2차 5라운드 41순위,2026,한화,5,7,6,0,2,0,0,0,2,1,0,1,1,0,4,0,0,0,0,0.333,0.333,0.429,0.762,2026-07-20,True,True,189,102
52804,https://www.koreabaseball.com/Record/Player/HitterDetail/Basic.aspx?playerId=52804,석정우,27,1999-01-20,3B,R/R,180cm/82kg,동일중앙초-경남중-경남고-연세대,22 SSG 육성선수,2026,SSG,3,3,2,0,1,0,0,0,1,1,0,0,1,0,1,0,0,0,1,0.5,0.5,0.667,1.167,2026-07-20,True,True,180,82
52807,https://www.koreabaseball.com/Record/Player/HitterDetail/Basic.aspx?playerId=52807,임근우,27,1999-07-22,OF,R/R,180cm/88kg,서울도곡초-휘문중-휘문고-홍익대,22 SSG 육성선수,2026,SSG,4,6,6,0,1,0,0,0,1,0,0,0,0,0,2,0,0,0,0,0.167,0.167,0.167,0.334,2026-07-20,True,True,180,88
52809,https://www.koreabaseball.com/Record/Player/HitterDetail/Basic.aspx?playerId=52809,전영준,24,2002-04-16,P,R/R,190cm/100kg,부곡초-휘문중-대구고-SSG-상무,22 SSG 2차 9라운드 82순위,2026,SSG,1,0,0,0,0,0,0,0,0,0,0,0,0,0,0,0,0,0,0,,,,,2026-07-20,True,True,190,100
52868,https://www.koreabaseball.com/Record/Player/HitterDetail/Basic.aspx?playerId=52868,이기순,23,2003-05-14,P,L/L,174cm/74kg,서흥초-인천신흥중-동산고-SSG-상무,22 SSG 2차 5라운드 42순위,2026,SSG,1,0,0,0,0,0,0,0,0,0,0,0,0,0,0,0,0,0,0,,,,,2026-07-20,True,True,174,74
53029,https://www.koreabaseball.com/Record/Player/HitterDetail/Basic.aspx?playerId=53029,김정운,22,2004-04-21,P,R/R,184cm/84kg,동천초-경주중-대구고-KT-상무,23 KT 1라운드 10순위,2026,KT,1,0,0,0,0,0,0,0,0,0,0,0,0,0,0,0,0,0,0,,,,,2026-07-20,True,True,184,84
53036,https://www.koreabaseball.com/Record/Player/HitterDetail/Basic.aspx?playerId=53036,류현인,26,2000-11-08,3B,L/R,174cm/80kg,광주수창초-진흥중-진흥고-단국대-KT-상무,23 KT 7라운드 70순위,2026,KT,46,129,117,18,32,9,0,0,41,6,1,1,11,1,24,1,0,0,9,0.274,0.35,0.341,0.691,2026-07-20,True,True,174,80
53058,https://www.koreabaseball.com/Record/Player/HitterDetail/Basic.aspx?playerId=53058,정준영,22,2004-01-26,OF,L/L,173cm/73kg,도신초-강남중-장충고-KT-상무,23 KT 2라운드 20순위,2026,KT,1,0,0,0,0,0,0,0,0,0,0,0,0,0,0,0,0,0,0,,,,,2026-07-20,True,True,173,73
53103,https://www.koreabaseball.com/Record/Player/HitterDetail/Basic.aspx?playerId=53103,강민균,26,2000-07-17,IF,R/R,178cm/81kg,강남초-서울이수중-덕수고-홍익대,23 LG 11라운드 107순위,2026,LG,4,3,3,0,0,0,0,0,0,0,0,0,0,0,1,0,0,0,0,0.0,0.0,0.0,0.0,2026-07-20,True,False,178,81
53123,https://www.koreabaseball.com/Record/Player/HitterDetail/Basic.aspx?playerId=53123,오스틴,33,1993-10-14,1B,R/R,183cm/97kg,미국 Klein Collins(고),23 LG 자유선발,2026,LG,89,395,341,70,115,19,3,28,224,84,2,1,44,7,60,6,3,0,5,0.337,0.657,0.42,1.077,2026-07-20,True,True,183,97
53296,https://www.koreabaseball.com/Record/Player/HitterDetail/Basic.aspx?playerId=53296,윤준호,26,2000-11-14,C,R/R,179cm/90kg,부산안락초(해운대리틀)-센텀중-경남고-동의대-두산-상무,23 두산 5라운드 49순위,2026,두산,66,133,112,16,31,5,0,3,45,12,0,0,10,2,30,5,3,6,1,0.277,0.402,0.339,0.741,2026-07-20,True,True,179,90
53305,https://www.koreabaseball.com/Record/Player/HitterDetail/Basic.aspx?playerId=53305,박성빈,22,2004-04-21,C,R/R,177cm/94kg,한밭초(계룡시리틀)-충남중-대전고,23 키움 7라운드 66순위,2026,키움,15,24,23,1,3,0,0,0,3,1,0,0,0,1,8,0,0,0,0,0.13,0.13,0.167,0.297,2026-07-20,True,True,177,94
53312,https://www.koreabaseball.com/Record/Player/HitterDetail/Basic.aspx?playerId=53312,김건희,22,2004-11-07,C,R/R,186cm/96kg,대전신흥초-온양중-원주고,23 키움 1라운드 6순위,2026,키움,84,282,250,19,64,13,0,6,95,36,0,0,25,1,74,4,3,3,6,0.256,0.38,0.323,0.703,2026-07-20,True,True,186,96
53344,https://www.koreabaseball.com/Record/Player/HitterDetail/Basic.aspx?playerId=53344,김동헌,22,2004-07-15,C,R/R,182cm/91kg,영문초(영등포구리틀)-충암중-충암고,23 키움 2라운드 12순위,2026,키움,20,57,52,5,15,6,0,1,24,9,0,0,2,2,12,0,0,1,1,0.288,0.462,0.339,0.801,2026-07-20,True,True,182,91
53400,https://www.koreabaseball.com/Record/Player/HitterDetail/Basic.aspx?playerId=53400,김재상,22,2004-07-26,2B,L/R,180cm/81kg,고명초-덕수중-경기상고-삼성-상무,23 삼성 3라운드 28순위,2026,삼성,8,16,14,1,4,0,0,0,4,1,0,0,1,0,4,0,0,1,0,0.286,0.286,0.333,0.619,2026-07-20,True,True,180,81
53404,https://www.koreabaseball.com/Record/Player/HitterDetail/Basic.aspx?playerId=53404,류승민,22,2004-10-11,OF,L/L,185cm/90kg,광주화정초-무등중-광주제일고-삼성-상무-삼성,23 삼성 7라운드 68순위,2026,두산,24,83,71,8,18,2,1,0,22,3,3,0,9,1,17,0,0,2,0,0.254,0.31,0.346,0.656,2026-07-20,True,True,185,90
53554,https://www.koreabaseball.com/Record/Player/HitterDetail/Basic.aspx?playerId=53554,김민석,22,2004-05-09,OF,L/R,185cm/83kg,신도초-휘문중-휘문고-롯데,23 롯데 1라운드 3순위,2026,두산,83,308,269,38,83,15,2,4,114,32,2,0,35,2,55,1,1,1,2,0.309,0.424,0.391,0.815,2026-07-20,True,True,185,83
53568,https://www.koreabaseball.com/Record/Player/HitterDetail/Basic.aspx?playerId=53568,정대선,22,2004-11-16,2B,R/R,185cm/88kg,서흥초-동산중-세광고-롯데-상무,23 롯데 5라운드 43순위,2026,롯데,3,2,2,0,1,0,0,0,1,0,0,0,0,0,0,0,0,0,0,0.5,0.5,0.5,1.0,2026-07-20,True,True,185,88
53754,https://www.koreabaseball.com/Record/Player/HitterDetail/Basic.aspx?playerId=53754,김서현,22,2004-05-31,P,R/R,188cm/86kg,효제초-자양중-서울고,23 한화 1라운드 1순위,2026,한화,1,0,0,0,0,0,0,0,0,0,0,0,0,0,0,0,0,0,0,,,,,2026-07-20,True,True,188,86
53764,https://www.koreabaseball.com/Record/Player/HitterDetail/Basic.aspx?playerId=53764,문현빈,22,2004-04-20,OF,L/R,174cm/82kg,대전유천초-온양중-북일고,23 한화 2라운드 11순위,2026,한화,84,386,338,54,99,24,4,9,158,51,7,1,40,4,48,14,3,1,1,0.293,0.467,0.371,0.838,2026-07-20,True,True,174,82
53827,https://www.koreabaseball.com/Record/Player/HitterDetail/Basic.aspx?playerId=53827,에레디아,35,1991-01-31,OF,R/L,178cm/88kg,쿠바 Eide Luis Agusto Tursios Lima,23 SSG 자유선발,2026,SSG,84,366,333,42,94,15,0,15,154,75,1,3,22,7,58,8,4,0,3,0.282,0.462,0.336,0.798,2026-07-20,True,True,178,88
53865,https://www.koreabaseball.com/Record/Player/HitterDetail/Basic.aspx?playerId=53865,김정민,22,2004-03-07,OF,L/L,180cm/75kg,광안초(부산수영구리틀)-경남중-경남고,23 SSG 3라운드 25순위,2026,SSG,14,10,9,1,1,0,0,0,1,1,1,0,1,0,3,0,0,0,0,0.111,0.111,0.2,0.311,2026-07-20,True,True,180,75
53892,https://www.koreabaseball.com/Record/Player/HitterDetail/Basic.aspx?playerId=53892,이로운,22,2004-09-11,P,R/R,185cm/105kg,본리초-경복중-대구고,23 SSG 1라운드 5순위,2026,SSG,1,0,0,0,0,0,0,0,0,0,0,0,0,0,0,0,0,0,0,,,,,2026-07-20,True,True,185,105
53893,https://www.koreabaseball.com/Record/Player/HitterDetail/Basic.aspx?playerId=53893,김민준,22,2004-03-20,IF,R/R,181cm/78kg,순천북초-순천이수중-북일고,23 SSG 7라운드 65순위,2026,SSG,12,10,9,2,1,0,0,0,1,0,0,0,1,0,2,0,0,0,1,0.111,0.111,0.2,0.311,2026-07-20,True,False,181,78
53989,https://www.koreabaseball.com/Record/Player/HitterDetail/Basic.aspx?playerId=53989,신성호,23,2003-09-28,IF,R/R,178cm/76kg,김해삼성초-내동중-마산고,23 NC 7라운드 64순위,2026,NC,1,1,1,0,0,0,0,0,0,0,0,0,0,0,0,0,0,0,0,0.0,0.0,0.0,0.0,2026-07-20,True,False,178,76
54097,https://www.koreabaseball.com/Record/Player/HitterDetail/Basic.aspx?playerId=54097,김민석,21,2005-07-22,C,R/R,181cm/93kg,창영초-동인천중-제물포고,24 KT 10라운드 97순위,2026,KT,1,2,1,0,0,0,0,0,0,0,0,0,1,0,0,0,0,0,0,0.0,0.0,0.5,0.5,2026-07-20,True,True,181,93
54156,https://www.koreabaseball.com/Record/Player/HitterDetail/Basic.aspx?playerId=54156,손용준,26,2000-02-15,3B,R/R,178cm/85kg,김해화정초(김해리틀)-내동중-김해고-동원과학기술대,24 LG 3라운드 28순위,2026,LG,2,1,1,0,0,0,0,0,0,0,0,0,0,0,0,0,0,0,0,0.0,0.0,0.0,0.0,2026-07-20,True,True,178,85
54166,https://www.koreabaseball.com/Record/Player/HitterDetail/Basic.aspx?playerId=54166,김현종,22,2004-08-04,OF,R/R,186cm/85kg,상인천초-동인천중-인천고,24 LG 2라운드 18순위,2026,LG,18,12,12,2,2,0,0,0,2,0,0,0,0,0,4,0,0,0,0,0.167,0.167,0.167,0.334,2026-07-20,True,True,186,85
54214,https://www.koreabaseball.com/Record/Player/HitterDetail/Basic.aspx?playerId=54214,전다민,25,2001-08-21,OF,L/R,177cm/75kg,길동초-청원중-설악고-강릉영동대,24 두산 6라운드 52순위,2026,두산,6,1,1,2,1,0,0,0,1,1,1,0,0,0,0,0,0,0,0,1.0,1.0,1.0,2.0,2026-07-20,True,True,177,75
54219,https://www.koreabaseball.com/Record/Player/HitterDetail/Basic.aspx?playerId=54219,류현준,21,2005-03-25,C,R/R,182cm/92kg,문정초(송파구리틀)-배재중-장충고,24 두산 10라운드 92순위,2026,두산,1,2,2,1,1,0,0,0,1,0,0,0,0,0,0,0,0,0,0,0.5,0.5,0.5,1.0,2026-07-20,True,True,182,92
54236,https://www.koreabaseball.com/Record/Player/HitterDetail/Basic.aspx?playerId=54236,임종성,21,2005-03-03,3B,R/R,183cm/90kg,본리초-대구중-경북고,24 두산 3라운드 22순위,2026,두산,12,18,18,2,3,0,0,1,6,3,0,0,0,0,6,0,0,0,1,0.167,0.333,0.167,0.5,2026-07-20,True,True,183,90
54303,https://www.koreabaseball.com/Record/Player/HitterDetail/Basic.aspx?playerId=54303,박채울,22,2004-11-20,OF,R/R,185cm/86kg,부평초(인천서구리틀)-재능중-충암고,24 키움 8라운드 79순위,2026,키움,9,12,11,1,2,0,0,0,2,0,0,0,0,0,4,1,0,1,0,0.182,0.182,0.182,0.364,2026-07-20,True,False,185,86
54307,https://www.koreabaseball.com/Record/Player/HitterDetail/Basic.aspx?playerId=54307,원성준,26,2000-03-31,OF,L/R,181cm/80kg,고명초-서울이수중-경기고-성균관대,24 키움 육성선수,2026,키움,8,24,20,2,4,0,0,0,4,2,0,0,3,0,5,0,0,1,0,0.2,0.2,0.304,0.504,2026-07-20,True,True,181,80
54319,https://www.koreabaseball.com/Record/Player/HitterDetail/Basic.aspx?playerId=54319,김윤하,21,2005-03-07,P,R/R,185cm/90kg,와부초(남양주리틀)-덕수중-장충고,24 키움 1라운드 9순위,2026,키움,1,0,0,0,0,0,0,0,0,0,0,0,0,0,0,0,0,0,0,,,,,2026-07-20,True,True,185,90
54394,https://www.koreabaseball.com/Record/Player/HitterDetail/Basic.aspx?playerId=54394,송지후,21,2005-01-08,2B,R/R,175cm/74kg,광주수창초-진흥중-광주제일고,24 키움 6라운드 59순위,2026,키움,13,35,30,3,7,1,0,0,8,0,0,0,3,1,8,0,0,1,4,0.233,0.267,0.324,0.591,2026-07-20,True,True,175,74
54400,https://www.koreabaseball.com/Record/Player/HitterDetail/Basic.aspx?playerId=54400,디아즈,30,1996-11-19,1B,L/L,188cm/105kg,도미니카 Daniel Smith(고),24 삼성 자유선발,2026,삼성,88,395,344,55,103,21,0,16,172,75,2,0,46,1,60,9,4,0,4,0.299,0.5,0.38,0.88,2026-07-20,True,True,188,105
54529,https://www.koreabaseball.com/Record/Player/HitterDetail/Basic.aspx?playerId=54529,레이예스,32,1994-10-05,OF,S/R,196cm/87kg,베네수엘라 Dr. Felipe Guevara(고),24 롯데 자유선발,2026,롯데,88,387,346,45,120,20,1,12,178,64,1,1,36,2,42,6,3,0,3,0.347,0.514,0.408,0.922,2026-07-20,True,True,196,87
54598,https://www.koreabaseball.com/Record/Player/HitterDetail/Basic.aspx?playerId=54598,이호준,22,2004-03-20,SS,L/R,172cm/72kg,대구옥산초-대구경운중-대구상원고,24 롯데 3라운드 23순위,2026,롯데,42,43,36,4,3,1,0,0,4,1,1,1,7,0,11,0,0,0,1,0.083,0.111,0.233,0.344,2026-07-20,True,True,172,72
54610,https://www.koreabaseball.com/Record/Player/HitterDetail/Basic.aspx?playerId=54610,성영탁,22,2004-07-28,P,R/R,180cm/89kg,동주초(부산서구리틀)-개성중-부산고,24 KIA 10라운드 96순위,2026,KIA,2,0,0,0,0,0,0,0,0,0,0,0,0,0,0,0,0,0,0,,,,,2026-07-20,True,True,180,89
54730,https://www.koreabaseball.com/Record/Player/HitterDetail/Basic.aspx?playerId=54730,페라자,28,1998-11-10,OF,S/R,175cm/88kg,베네수엘라 San Isidro Labrador(고),24 한화 자유선발,2026,한화,86,384,318,72,97,22,1,18,175,55,8,3,57,3,75,6,4,2,2,0.305,0.55,0.411,0.961,2026-07-20,True,True,175,88
54768,https://www.koreabaseball.com/Record/Player/HitterDetail/Basic.aspx?playerId=54768,조동욱,22,2004-11-02,P,L/L,190cm/82kg,소래초-영남중-장충고,24 한화 2라운드 11순위,2026,한화,1,0,0,0,0,0,0,0,0,0,0,0,0,0,0,0,0,0,0,,,,,2026-07-20,True,True,190,82
54795,https://www.koreabaseball.com/Record/Player/HitterDetail/Basic.aspx?playerId=54795,황영묵,27,1999-10-16,2B,L/R,177cm/80kg,수진초-성일중-충훈고,24 한화 4라운드 31순위,2026,한화,50,103,84,11,20,5,1,0,27,16,2,2,14,2,18,3,0,3,4,0.238,0.321,0.36,0.681,2026-07-20,True,True,177,80
54808,https://www.koreabaseball.com/Record/Player/HitterDetail/Basic.aspx?playerId=54808,변건우,21,2005-07-15,P,R/R,181cm/80kg,화도초(남양주시B리틀)-충암중-충암고,24 SSG 11라운드 110순위,2026,SSG,1,0,0,0,0,0,0,0,0,0,0,0,0,0,0,0,0,0,0,,,,,2026-07-20,True,False,181,80
54812,https://www.koreabaseball.com/Record/Player/HitterDetail/Basic.aspx?playerId=54812,정준재,23,2003-01-03,2B,L/R,165cm/68kg,상인천초-동인천중-강릉고-동국대(얼리 드래프트),24 SSG 5라운드 50순위,2026,SSG,87,356,301,45,84,9,6,1,108,27,14,4,33,5,49,4,5,12,2,0.279,0.359,0.355,0.714,2026-07-20,True,True,165,68
54910,https://www.koreabaseball.com/Record/Player/HitterDetail/Basic.aspx?playerId=54910,김준원,21,2005-05-31,P,R/R,190cm/82kg,칠성초-대구중-경북고,24 NC 11라운드 105순위,2026,NC,1,0,0,0,0,0,0,0,0,0,0,0,0,0,0,0,0,0,0,,,,,2026-07-20,True,False,190,82
54944,https://www.koreabaseball.com/Record/Player/HitterDetail/Basic.aspx?playerId=54944,데이비슨,35,1991-03-26,1B,R/R,190cm/104kg,미국 Yucaipa(고),24 NC 자유선발,2026,키움,71,287,252,28,75,14,1,9,118,46,1,0,14,19,64,5,2,0,4,0.298,0.468,0.376,0.844,2026-07-20,True,True,190,104
55005,https://www.koreabaseball.com/Record/Player/HitterDetail/Basic.aspx?playerId=55005,오서진,20,2006-02-22,2B,R/R,188cm/80kg,수원신곡초-수원북중-유신고,25 KT 6라운드 59순위,2026,KT,3,1,1,0,0,0,0,0,0,0,0,0,0,0,0,1,0,0,0,0.0,0.0,0.0,0.0,2026-07-20,True,True,188,80
55121,https://www.koreabaseball.com/Record/Player/HitterDetail/Basic.aspx?playerId=55121,박시원,20,2006-04-12,P,R/R,193cm/93kg,송수초(해운대리틀)-센텀중-경남고,25 LG 6라운드 60순위,2026,LG,2,1,1,0,0,0,0,0,0,0,0,0,0,0,1,0,0,0,0,0.0,0.0,0.0,0.0,2026-07-20,True,True,193,93
55167,https://www.koreabaseball.com/Record/Player/HitterDetail/Basic.aspx?playerId=55167,김영우,21,2005-01-14,P,R/R,185cm/90kg,양원초(서대문구리틀)-신월중-서울고,25 LG 1라운드 10순위,2026,LG,2,0,0,0,0,0,0,0,0,0,0,0,0,0,0,0,0,0,0,,,,,2026-07-20,True,True,185,90
55215,https://www.koreabaseball.com/Record/Player/HitterDetail/Basic.aspx?playerId=55215,양재훈,23,2003-05-01,P,R/R,186cm/89kg,부산수영초-사직중-개성고-동의과학대,25 두산 7라운드 66순위,2026,두산,1,0,0,0,0,0,0,0,0,0,0,0,0,0,0,0,0,0,0,,,,,2026-07-20,True,True,186,89
55252,https://www.koreabaseball.com/Record/Player/HitterDetail/Basic.aspx?playerId=55252,박준순,20,2006-07-13,3B,R/R,180cm/80kg,배봉초(동대문구리틀)-청량중-덕수고,25 두산 1라운드 6순위,2026,두산,58,253,233,33,80,9,5,13,138,44,1,2,15,4,48,10,1,0,6,0.343,0.592,0.391,0.983,2026-07-20,True,True,180,80
55267,https://www.koreabaseball.com/Record/Player/HitterDetail/Basic.aspx?playerId=55267,홍민규,20,2006-09-11,P,L/R,183cm/87kg,서울논현초(용산구리틀)-대원중-야탑고,25 두산 3라운드 26순위,2026,KIA,1,0,0,0,0,0,0,0,0,0,0,0,0,0,0,0,0,0,0,,,,,2026-07-20,True,True,183,87
55339,https://www.koreabaseball.com/Record/Player/HitterDetail/Basic.aspx?playerId=55339,염승원,20,2006-03-20,2B,L/R,180cm/78kg,고명초-휘문중-휘문고,25 키움 2라운드 11순위,2026,키움,5,14,13,0,1,0,0,0,1,0,0,0,0,0,5,0,0,1,0,0.077,0.077,0.077,0.154,2026-07-20,True,True,180,78
55370,https://www.koreabaseball.com/Record/Player/HitterDetail/Basic.aspx?playerId=55370,양현종,20,2006-08-15,3B,R/R,177cm/84kg,대구옥산초-협성경복중-대구고,25 키움 6라운드 51순위,2026,키움,15,46,40,4,7,2,0,2,15,5,0,0,5,0,19,0,1,0,2,0.175,0.375,0.261,0.636,2026-07-20,True,True,177,84
55371,https://www.koreabaseball.com/Record/Player/HitterDetail/Basic.aspx?playerId=55371,권혁빈,21,2005-11-04,2B,R/R,185cm/75kg,칠성초-경상중-대구고,25 키움 7라운드 61순위,2026,키움,59,156,143,11,26,3,0,0,29,11,0,0,7,3,40,2,1,2,4,0.182,0.203,0.234,0.437,2026-07-20,True,True,185,75
55392,https://www.koreabaseball.com/Record/Player/HitterDetail/Basic.aspx?playerId=55392,어준서,20,2006-11-27,SS,L/R,183cm/87kg,수유초-자양중-경기고,25 키움 3라운드 21순위,2026,키움,24,76,69,6,15,1,0,0,16,2,0,0,3,2,20,0,1,1,4,0.217,0.232,0.267,0.499,2026-07-20,True,True,183,87
55393,https://www.koreabaseball.com/Record/Player/HitterDetail/Basic.aspx?playerId=55393,여동욱,21,2005-11-10,3B,R/R,180cm/90kg,남도초-협성경복중-대구상원고,25 키움 3라운드 27순위,2026,키움,37,98,78,10,17,2,0,3,28,6,0,0,13,5,31,1,1,1,3,0.218,0.359,0.361,0.72,2026-07-20,True,True,180,90
55397,https://www.koreabaseball.com/Record/Player/HitterDetail/Basic.aspx?playerId=55397,전태현,20,2006-03-02,2B,L/R,180cm/82kg,양덕초-마산동중-용마고,25 키움 5라운드 41순위,2026,키움,6,16,16,1,3,1,0,0,4,0,0,0,0,0,5,0,0,0,1,0.188,0.25,0.188,0.438,2026-07-20,True,True,180,82
55425,https://www.koreabaseball.com/Record/Player/HitterDetail/Basic.aspx?playerId=55425,김상준,24,2002-12-30,IF,L/R,176cm/75kg,양덕초-마산동중-물금고-동원과학기술대,25 삼성 육성선수,2026,삼성,43,59,51,13,9,1,0,0,10,1,1,1,4,3,14,0,0,1,1,0.176,0.196,0.276,0.472,2026-07-20,True,False,176,75
55435,https://www.koreabaseball.com/Record/Player/HitterDetail/Basic.aspx?playerId=55435,차승준,20,2006-11-20,3B,L/R,181cm/88kg,무학초-창원신월중-용마고,25 삼성 3라운드 23순위,2026,삼성,1,1,1,0,0,0,0,0,0,0,0,0,0,0,1,0,0,0,0,0.0,0.0,0.0,0.0,2026-07-20,True,True,181,88
55438,https://www.koreabaseball.com/Record/Player/HitterDetail/Basic.aspx?playerId=55438,심재훈,20,2006-03-03,2B,R/R,180cm/80kg,삼일초-평촌중-유신고,25 삼성 2라운드 13순위,2026,삼성,21,35,31,3,9,1,0,0,10,1,0,1,4,0,8,0,0,0,0,0.29,0.323,0.371,0.694,2026-07-20,True,True,180,80
55440,https://www.koreabaseball.com/Record/Player/HitterDetail/Basic.aspx?playerId=55440,함수호,20,2006-03-10,OF,L/L,181cm/88kg,구미인동초(구미시리틀)-협성경복중-대구상원고,25 삼성 4라운드 33순위,2026,삼성,11,18,16,0,1,0,0,0,1,2,0,0,2,0,5,0,0,0,0,0.063,0.063,0.167,0.23,2026-07-20,True,True,181,88
55502,https://www.koreabaseball.com/Record/Player/HitterDetail/Basic.aspx?playerId=55502,김동현,22,2004-12-30,OF,L/R,185cm/100kg,인천병방초(인천서구리틀)-재능중-제물포고-부산과학기술대,25 롯데 6라운드 54순위,2026,롯데,17,42,37,6,8,1,1,2,17,6,0,0,4,1,9,1,0,0,2,0.216,0.459,0.31,0.769,2026-07-20,True,False,185,100
55509,https://www.koreabaseball.com/Record/Player/HitterDetail/Basic.aspx?playerId=55509,박건우,23,2003-02-01,C,R/R,183cm/92kg,성동초-건대부중-장충고-고려대,25 롯데 육성선수,2026,롯데,14,14,14,1,5,1,0,0,6,1,0,0,0,0,5,1,0,0,0,0.357,0.429,0.357,0.786,2026-07-20,True,True,183,92
55530,https://www.koreabaseball.com/Record/Player/HitterDetail/Basic.aspx?playerId=55530,박찬형,24,2002-10-17,3B,L/R,175cm/78kg,중대초-언북중-배재고,25 롯데 육성선수,2026,롯데,10,30,27,6,9,0,0,1,12,2,0,0,2,1,10,0,0,0,0,0.333,0.444,0.4,0.844,2026-07-20,True,True,175,78
55534,https://www.koreabaseball.com/Record/Player/HitterDetail/Basic.aspx?playerId=55534,조민영,21,2005-03-24,OF,R/R,186cm/92kg,서울중대초-건대부중-신일고,25 롯데 육성선수,2026,롯데,1,3,3,0,0,0,0,0,0,0,0,0,0,0,1,0,0,0,0,0.0,0.0,0.0,0.0,2026-07-20,True,False,186,92
55563,https://www.koreabaseball.com/Record/Player/HitterDetail/Basic.aspx?playerId=55563,박재엽,20,2006-01-23,C,R/R,184cm/92kg,부산대연초-개성중-부산고,25 롯데 4라운드 34순위,2026,롯데,4,3,3,1,2,1,0,0,3,3,0,0,0,0,1,0,0,0,0,0.667,1.0,0.667,1.667,2026-07-20,True,True,184,92
55631,https://www.koreabaseball.com/Record/Player/HitterDetail/Basic.aspx?playerId=55631,엄준현,20,2006-04-20,IF,R/R,174cm/75kg,서울이수초-언북중-전주고,25 KIA 9라운드 85순위,2026,KIA,3,0,0,1,0,0,0,0,0,0,0,0,0,0,0,0,0,0,0,,,,,2026-07-20,True,False,174,75
55636,https://www.koreabaseball.com/Record/Player/HitterDetail/Basic.aspx?playerId=55636,박재현,20,2006-12-08,OF,L/R,180cm/73kg,동막초-재능중-인천고,25 KIA 3라운드 25순위,2026,KIA,85,340,312,46,87,11,3,9,131,40,16,3,21,0,64,3,0,7,2,0.279,0.42,0.324,0.744,2026-07-20,True,True,180,73
55767,https://www.koreabaseball.com/Record/Player/HitterDetail/Basic.aspx?playerId=55767,한지윤,20,2006-04-10,OF,R/R,188cm/98kg,가동초-휘문중-경기상고,25 한화 3라운드 22순위,2026,한화,3,4,2,1,0,0,0,0,0,0,0,0,2,0,0,0,0,0,0,0.0,0.0,0.5,0.5,2026-07-20,True,False,188,98
55894,https://www.koreabaseball.com/Record/Player/HitterDetail/Basic.aspx?playerId=55894,최윤석,20,2006-04-25,IF,R/R,187cm/93kg,진북초(전주시비전리틀)-전라중-전주고,25 SSG 6라운드 58순위,2026,SSG,6,12,10,1,2,1,0,0,3,0,0,1,1,1,2,2,0,0,0,0.2,0.3,0.333,0.633,2026-07-20,True,False,187,93
55897,https://www.koreabaseball.com/Record/Player/HitterDetail/Basic.aspx?playerId=55897,홍대인,25,2001-11-23,C,L/R,174cm/76kg,서원초-세광중-세광고-사이버한국외대(얼리 드래프트),25 SSG 9라운드 88순위,2026,SSG,48,35,32,11,9,4,0,0,13,4,3,1,3,0,5,0,0,0,1,0.281,0.406,0.343,0.749,2026-07-20,True,True,174,76
55926,https://www.koreabaseball.com/Record/Player/HitterDetail/Basic.aspx?playerId=55926,정현창,20,2006-07-14,SS,L/R,177cm/70kg,김해부곡초-부산토현중-부산공고-NC,25 NC 7라운드 67순위,2026,KIA,78,59,52,9,8,1,1,0,11,6,0,0,3,3,22,3,1,0,3,0.154,0.212,0.237,0.449,2026-07-20,True,True,177,70
56005,https://www.koreabaseball.com/Record/Player/HitterDetail/Basic.aspx?playerId=56005,이재원,19,2007-04-27,OF,L/R,180cm/80kg,양덕초-창원신월중-마산고,26 KT 6라운드 56순위,2026,KT,6,7,7,1,2,0,1,1,7,2,0,0,0,0,1,0,0,0,0,0.286,1.0,0.286,1.286,2026-07-20,True,False,180,80
56006,https://www.koreabaseball.com/Record/Player/HitterDetail/Basic.aspx?playerId=56006,이강민,19,2007-01-27,IF,R/R,181cm/82kg,송호초-안산중앙중-유신고,26 KT 2라운드 16순위,2026,KT,55,162,150,13,28,1,0,0,29,15,0,0,8,1,41,4,1,2,8,0.187,0.193,0.231,0.424,2026-07-20,True,False,181,82
56034,https://www.koreabaseball.com/Record/Player/HitterDetail/Basic.aspx?playerId=56034,힐리어드,32,1994-02-21,IF,L/L,196cm/107kg,미국 Mansfield(고)-미국 Wichita State(대),26 KT 자유선발,2026,KT,87,385,345,64,101,14,3,23,190,80,7,2,36,0,106,3,4,0,4,0.293,0.551,0.356,0.907,2026-07-20,True,False,196,107
56215,https://www.koreabaseball.com/Record/Player/HitterDetail/Basic.aspx?playerId=56215,최주형,20,2006-08-19,P,L/L,174cm/70kg,거제고현초(거제시리틀)-외포중-마산고,26 두산 2라운드 17순위,2026,두산,1,0,0,0,0,0,0,0,0,0,0,0,0,0,0,0,0,0,0,,,,,2026-07-20,True,False,174,70
56236,https://www.koreabaseball.com/Record/Player/HitterDetail/Basic.aspx?playerId=56236,세베리노,27,1999-10-03,IF,S/R,0cm/0kg,,26 두산 자유선발,2026,두산,4,18,14,2,3,1,0,0,4,1,0,0,4,0,5,0,0,0,0,0.214,0.286,0.389,0.675,2026-07-20,True,False,,
56251,https://www.koreabaseball.com/Record/Player/HitterDetail/Basic.aspx?playerId=56251,카메론,29,1997-01-15,OF,R/R,183cm/83kg,미국 Eagle's Landing(고)-두산,26 두산 자유선발,2026,두산,75,314,279,39,80,19,3,9,132,43,9,0,30,3,53,9,2,0,5,0.287,0.473,0.36,0.833,2026-07-20,True,False,183,83
56304,https://www.koreabaseball.com/Record/Player/HitterDetail/Basic.aspx?playerId=56304,박한결,19,2007-12-05,IF,L/R,180cm/79kg,진북초-전라BC-전주고,26 키움 1라운드 10순위,2026,키움,14,41,39,1,5,1,0,0,6,0,0,0,2,0,12,0,0,0,1,0.128,0.154,0.171,0.325,2026-07-20,True,False,180,79
56305,https://www.koreabaseball.com/Record/Player/HitterDetail/Basic.aspx?playerId=56305,히우라,30,1996-08-02,IF,R/R,178cm/94kg,미국 Valencia(고)-미국 California(대),26 키움 자유선발,2026,키움,38,171,149,22,41,4,0,7,66,27,0,0,18,3,54,3,1,0,2,0.275,0.443,0.363,0.806,2026-07-20,True,False,178,94
56322,https://www.koreabaseball.com/Record/Player/HitterDetail/Basic.aspx?playerId=56322,브룩스,31,1995-07-03,OF,L/L,180cm/88kg,미국 Granite Hills(고)-미국 Nevada(대)-키움,26 키움 자유선발,2026,키움,41,161,143,11,31,6,0,0,37,16,1,0,14,1,24,1,3,0,1,0.217,0.259,0.286,0.545,2026-07-20,True,False,180,88
56326,https://www.koreabaseball.com/Record/Player/HitterDetail/Basic.aspx?playerId=56326,김지석,19,2007-02-19,IF,L/R,185cm/83kg,인천첨단초(연수구리틀)-동인천중-인천고,26 키움 2라운드 11순위,2026,키움,17,56,49,3,11,1,0,1,15,3,0,0,1,2,9,1,1,3,4,0.224,0.306,0.264,0.57,2026-07-20,True,False,185,83
56337,https://www.koreabaseball.com/Record/Player/HitterDetail/Basic.aspx?playerId=56337,박지성,19,2007-03-16,P,R/R,190cm/93kg,서울도곡초-대치중-서울고,26 키움 3라운드 21순위,2026,키움,1,0,0,0,0,0,0,0,0,0,0,0,0,0,0,0,0,0,0,,,,,2026-07-20,True,False,190,93
56338,https://www.koreabaseball.com/Record/Player/HitterDetail/Basic.aspx?playerId=56338,최재영,19,2007-01-08,IF,R/R,183cm/85kg,강남초-강남중-휘문고,26 키움 4라운드 40순위,2026,키움,23,31,28,7,3,1,0,0,4,4,0,0,2,0,12,1,1,0,3,0.107,0.143,0.161,0.304,2026-07-20,True,False,183,85
56531,https://www.koreabaseball.com/Record/Player/HitterDetail/Basic.aspx?playerId=56531,로드리게스,28,1998-03-31,P,R/R,193cm/97kg,도미니카 Cenapec Online(고),26 롯데 자유선발,2026,롯데,1,0,0,0,0,0,0,0,0,0,0,0,0,0,0,0,0,0,0,,,,,2026-07-20,True,False,193,97
56563,https://www.koreabaseball.com/Record/Player/HitterDetail/Basic.aspx?playerId=56563,이서준,19,2007-10-10,IF,R/R,183cm/83kg,부산수영초-경남중-부산고,26 롯데 3라운드 24순위,2026,롯데,4,3,3,0,0,0,0,0,0,0,0,0,0,0,1,0,0,0,0,0.0,0.0,0.0,0.0,2026-07-20,True,False,183,83
56595,https://www.koreabaseball.com/Record/Player/HitterDetail/Basic.aspx?playerId=56595,김한홀,20,2006-12-12,OF,L/R,189cm/83kg,서울도곡초-휘문중-휘문고,26 롯데 5라운드 44순위,2026,롯데,4,0,0,0,0,0,0,0,0,0,1,0,0,0,0,0,0,0,0,,,,,2026-07-20,True,False,189,83
56613,https://www.koreabaseball.com/Record/Player/HitterDetail/Basic.aspx?playerId=56613,아데를린,35,1991-11-18,IF,R/R,191cm/108kg,도미니카 Centro Educativo Los Palmares(고)-KIA,26 KIA 부상 대체 외국인선수,2026,KIA,32,130,121,17,32,5,0,10,67,31,0,0,7,1,25,4,1,0,4,0.264,0.554,0.308,0.862,2026-07-20,True,False,191,108
56626,https://www.koreabaseball.com/Record/Player/HitterDetail/Basic.aspx?playerId=56626,카스트로,33,1993-11-30,OF,L/R,183cm/88kg,베네수엘라 U.E.N. Luis Mariano Rivera(고),26 KIA 자유선발,2026,KIA,45,189,176,32,57,15,0,7,93,37,0,0,10,0,34,4,3,0,1,0.324,0.528,0.354,0.882,2026-07-20,True,False,183,88
56632,https://www.koreabaseball.com/Record/Player/HitterDetail/Basic.aspx?playerId=56632,데일,26,2000-09-11,IF,R/R,188cm/90kg,호주 McKinnon(고)-KIA,26 KIA 아시아쿼터,2026,KIA,34,135,117,20,30,4,0,1,37,6,1,0,13,0,14,4,1,4,9,0.256,0.316,0.328,0.644,2026-07-20,True,False,188,90
56637,https://www.koreabaseball.com/Record/Player/HitterDetail/Basic.aspx?playerId=56637,김민규,19,2007-01-26,OF,R/R,180cm/73kg,서울도곡초-휘문중-휘문고,26 KIA 3라운드 30순위,2026,KIA,37,38,37,12,10,4,0,0,14,6,8,1,1,0,14,0,0,0,0,0.27,0.378,0.289,0.667,2026-07-20,True,False,180,73
56708,https://www.koreabaseball.com/Record/Player/HitterDetail/Basic.aspx?playerId=56708,이도훈,23,2003-08-27,OF,R/R,172cm/74kg,서울청구초-홍은중-장충고-사이버한국외대,26 한화 육성선수,2026,한화,4,0,0,2,0,0,0,0,0,0,0,0,0,0,0,0,0,0,0,,,,,2026-07-20,True,False,172,74
56754,https://www.koreabaseball.com/Record/Player/HitterDetail/Basic.aspx?playerId=56754,오재원,19,2007-01-21,OF,L/R,176cm/75kg,신도초-부천중-유신고,26 한화 1라운드 3순위,2026,한화,71,142,123,32,29,4,1,0,35,10,6,1,16,0,21,2,0,3,4,0.236,0.285,0.324,0.609,2026-07-20,True,False,176,75
56760,https://www.koreabaseball.com/Record/Player/HitterDetail/Basic.aspx?playerId=56760,쿠싱,30,1996-12-03,P,R/R,190cm/92kg,미국 Georgetown(대)-한화,26 한화 부상 대체 외국인선수,2026,한화,3,0,0,0,0,0,0,0,0,0,0,0,0,0,0,0,0,0,0,,,,,2026-07-20,True,False,190,92
56793,https://www.koreabaseball.com/Record/Player/HitterDetail/Basic.aspx?playerId=56793,최유빈,24,2002-05-27,IF,L/R,173cm/73kg,순천남산초-여수중-전주고-경성대,26 한화 4라운드 33순위,2026,한화,4,0,0,1,0,0,0,0,0,0,0,0,0,0,0,0,0,0,0,,,,,2026-07-20,True,False,173,73
56904,https://www.koreabaseball.com/Record/Player/HitterDetail/Basic.aspx?playerId=56904,허윤,19,2007-03-29,IF,L/R,177cm/73kg,역삼초-대치중-충암고,26 NC 7라운드 62순위,2026,NC,16,5,4,4,1,0,0,0,1,1,4,0,1,0,2,0,0,0,0,0.25,0.25,0.4,0.65,2026-07-20,True,False,177,73
56909,https://www.koreabaseball.com/Record/Player/HitterDetail/Basic.aspx?playerId=56909,신재인,19,2007-06-28,IF,R/R,185cm/83kg,함박초(처인구리틀)-매향중-유신고,26 NC 1라운드 2순위,2026,NC,40,95,81,8,15,4,0,3,28,8,0,2,14,0,17,1,0,0,3,0.185,0.346,0.305,0.651,2026-07-20,True,False,185,83
56949,https://www.koreabaseball.com/Record/Player/HitterDetail/Basic.aspx?playerId=56949,고준휘,19,2007-08-12,OF,L/L,181cm/85kg,선유초(영등포구리틀)-영동중-전주고,26 NC 4라운드 32순위,2026,NC,23,44,40,4,10,1,0,2,17,8,1,1,2,2,9,1,0,0,2,0.25,0.425,0.318,0.743,2026-07-20,True,False,181,85
56950,https://www.koreabaseball.com/Record/Player/HitterDetail/Basic.aspx?playerId=56950,블레인,29,1997-06-17,IF,R/R,178cm/101kg,미국 Mississippi(대),26 NC 자유선발,2026,NC,9,40,34,4,12,2,0,0,14,6,0,0,5,0,8,2,1,0,1,0.353,0.412,0.425,0.837,2026-07-20,True,False,178,101
60146,https://www.koreabaseball.com/Record/Player/HitterDetail/Basic.aspx?playerId=60146,이승현,35,1991-11-20,P,R/R,181cm/92kg,화순초-진흥중-화순고-LG,10 LG 2라운드 16순위,2026,삼성,3,0,0,0,0,0,0,0,0,0,0,0,0,0,0,0,0,0,0,,,,,2026-07-20,True,True,181,92
60558,https://www.koreabaseball.com/Record/Player/HitterDetail/Basic.aspx?playerId=60558,오태곤,35,1991-11-18,1B,R/R,186cm/88kg,쌍문초-신월중-청원고-롯데-경찰-롯데-KT-SK,10 롯데 3라운드 22순위,2026,SSG,77,220,200,27,46,8,0,9,81,27,7,2,16,2,63,8,2,0,4,0.23,0.405,0.291,0.696,2026-07-20,True,True,186,88
61102,https://www.koreabaseball.com/Record/Player/HitterDetail/Basic.aspx?playerId=61102,유강남,34,1992-07-15,C,R/R,182cm/88kg,청원초-휘문중-서울고-LG-상무-LG,11 LG 7라운드 50순위,2026,롯데,45,109,103,8,24,5,0,3,38,7,0,0,4,1,28,1,1,0,1,0.233,0.369,0.266,0.635,2026-07-20,True,True,182,88
61353,https://www.koreabaseball.com/Record/Player/HitterDetail/Basic.aspx?playerId=61353,고종욱,37,1989-01-11,OF,L/R,184cm/83kg,역삼초-대치중-경기고-한양대-히어로즈-상무-히어로즈-SK-SSG,11 넥센 3라운드 19순위,2026,KIA,19,26,21,0,3,0,0,0,3,4,1,0,3,1,5,1,1,0,0,0.143,0.143,0.269,0.412,2026-07-20,True,True,184,83
61404,https://www.koreabaseball.com/Record/Player/HitterDetail/Basic.aspx?playerId=61404,김헌곤,38,1988-11-09,OF,R/R,174cm/81kg,회원초-경복중-제주관광고-영남대-삼성-상무,11 삼성 5라운드 36순위,2026,삼성,56,78,73,9,20,1,1,0,23,5,1,2,4,0,11,2,1,0,0,0.274,0.315,0.308,0.623,2026-07-20,True,True,174,81
62234,https://www.koreabaseball.com/Record/Player/HitterDetail/Basic.aspx?playerId=62234,류지혁,32,1994-01-13,2B,L/R,181cm/75kg,청원초-선린중-충암고-두산-상무-두산-KIA,12 두산 4라운드 36순위,2026,삼성,84,335,282,41,83,13,4,5,119,48,18,2,40,6,46,6,3,4,9,0.294,0.422,0.39,0.812,2026-07-20,True,True,181,75
62244,https://www.koreabaseball.com/Record/Player/HitterDetail/Basic.aspx?playerId=62244,박세혁,36,1990-01-09,C,L/R,181cm/86kg,수유초-신일중-신일고-고려대-두산-상무-두산-NC,12 두산 5라운드 47순위,2026,삼성,25,44,40,6,7,1,0,0,8,0,0,0,4,0,9,1,0,0,0,0.175,0.2,0.25,0.45,2026-07-20,True,True,181,86
62332,https://www.koreabaseball.com/Record/Player/HitterDetail/Basic.aspx?playerId=62332,김재현,33,1993-03-18,C,R/R,178cm/90kg,진북초-전라중-대전고-히어로즈-상무,12 넥센 8라운드 76순위,2026,키움,5,10,9,0,0,0,0,0,0,0,0,0,0,1,6,0,0,0,1,0.0,0.0,0.1,0.1,2026-07-20,True,True,178,90
62404,https://www.koreabaseball.com/Record/Player/HitterDetail/Basic.aspx?playerId=62404,구자욱,33,1993-02-12,OF,L/R,189cm/75kg,본리초-경복중-대구고-삼성-상무,12 삼성 2라운드 12순위,2026,삼성,69,300,257,55,88,15,3,10,139,62,4,1,36,3,41,2,4,0,3,0.342,0.541,0.423,0.964,2026-07-20,True,True,189,75
62415,https://www.koreabaseball.com/Record/Player/HitterDetail/Basic.aspx?playerId=62415,박해민,36,1990-02-24,OF,L/R,180cm/75kg,영중초-양천중-신일고-한양대-삼성,12 삼성 육성선수,2026,LG,89,349,295,50,84,12,0,3,105,35,24,7,27,8,45,3,6,13,0,0.285,0.356,0.354,0.71,2026-07-20,True,True,180,75
62528,https://www.koreabaseball.com/Record/Player/HitterDetail/Basic.aspx?playerId=62528,김원중,33,1993-06-14,P,L/R,192cm/96kg,학강초-광주동성중-광주동성고,12 롯데 1라운드 5순위,2026,롯데,2,0,0,0,0,0,0,0,0,0,0,0,0,0,0,0,0,0,0,,,,,2026-07-20,True,True,192,96
62700,https://www.koreabaseball.com/Record/Player/HitterDetail/Basic.aspx?playerId=62700,하주석,32,1994-02-25,SS,L/R,185cm/92kg,강남초-덕수중-신일고-한화-상무,12 한화 1라운드 1순위,2026,한화,27,85,78,5,20,2,0,0,22,6,0,0,5,1,21,1,0,1,4,0.256,0.282,0.31,0.592,2026-07-20,True,True,185,92
62754,https://www.koreabaseball.com/Record/Player/HitterDetail/Basic.aspx?playerId=62754,임기영,33,1993-04-16,P,R/R,184cm/86kg,대구수창초-경운중-경북고-한화-상무-KIA,12 한화 2라운드 18순위,2026,삼성,1,0,0,0,0,0,0,0,0,0,0,0,0,0,0,0,0,0,0,,,,,2026-07-20,True,True,184,86
62802,https://www.koreabaseball.com/Record/Player/HitterDetail/Basic.aspx?playerId=62802,박승욱,34,1992-12-04,SS,L/R,184cm/83kg,칠성초-경복중-대구상원고-SK-KT,12 SK 3라운드 31순위,2026,롯데,67,119,109,12,28,5,0,1,36,16,1,0,7,1,35,2,0,2,0,0.257,0.33,0.308,0.638,2026-07-20,True,True,184,83
62864,https://www.koreabaseball.com/Record/Player/HitterDetail/Basic.aspx?playerId=62864,김민식,37,1989-06-28,C,L/R,180cm/80kg,양덕초-마산중-마산고-원광대-SK-상무-SK-KIA,12 SK 2라운드 11순위,2026,SSG,14,28,28,0,4,0,0,0,4,0,0,0,0,0,5,0,0,0,0,0.143,0.143,0.143,0.286,2026-07-20,True,True,180,80
62884,https://www.koreabaseball.com/Record/Player/HitterDetail/Basic.aspx?playerId=62884,최항,32,1994-01-03,1B,L/R,183cm/88kg,대일초-매송중-유신고-SK-SSG,12 SK 8라운드 70순위,2026,롯데,4,13,11,1,2,0,0,0,2,0,0,0,1,1,4,0,0,0,1,0.182,0.182,0.308,0.49,2026-07-20,True,True,183,88
62895,https://www.koreabaseball.com/Record/Player/HitterDetail/Basic.aspx?playerId=62895,한유섬,37,1989-08-09,OF,L/R,190cm/105kg,중앙초(해운대리틀)-대천중-경남고-경성대-SK-상무-SK,12 SK 9라운드 85순위,2026,SSG,35,116,95,8,16,1,0,0,17,3,1,0,18,2,30,6,1,0,0,0.168,0.179,0.31,0.489,2026-07-20,True,True,190,105
62907,https://www.koreabaseball.com/Record/Player/HitterDetail/Basic.aspx?playerId=62907,박민우,33,1993-02-06,2B,L/R,185cm/80kg,마포초(용산구리틀)-선린중-휘문고,12 NC 1라운드 9순위,2026,NC,82,346,288,51,97,18,0,6,133,49,27,10,47,7,43,7,3,1,3,0.337,0.462,0.438,0.9,2026-07-20,True,True,185,80
62931,https://www.koreabaseball.com/Record/Player/HitterDetail/Basic.aspx?playerId=62931,노진혁,37,1989-07-15,DH,L/R,184cm/80kg,광주대성초-광주동성중-광주동성고-성균관대-NC-상무-NC,12 NC 특별 20순위,2026,롯데,62,176,152,11,33,9,0,5,57,20,0,0,18,2,34,4,3,1,4,0.217,0.375,0.303,0.678,2026-07-20,True,True,184,80
62934,https://www.koreabaseball.com/Record/Player/HitterDetail/Basic.aspx?playerId=62934,김성욱,33,1993-05-01,OF,R/R,181cm/83kg,광주서림초-충장중-진흥고-NC-상무-NC,12 NC 3라운드 32순위,2026,SSG,61,139,116,20,31,4,0,4,47,13,3,0,18,3,26,1,1,1,0,0.267,0.405,0.377,0.782,2026-07-20,True,True,181,83
62947,https://www.koreabaseball.com/Record/Player/HitterDetail/Basic.aspx?playerId=62947,나성범,37,1989-10-03,OF,L/L,183cm/100kg,광주대성초-진흥중-진흥고-연세대-NC,12 NC 2라운드 10순위,2026,KIA,86,350,304,50,90,19,0,19,166,59,0,0,38,5,94,5,3,0,3,0.296,0.546,0.38,0.926,2026-07-20,True,True,183,100
62951,https://www.koreabaseball.com/Record/Player/HitterDetail/Basic.aspx?playerId=62951,이형범,32,1994-02-27,P,R/R,181cm/80kg,화순초-화순중-화순고-NC-경찰-NC-두산,12 NC 특별 23순위,2026,KIA,2,0,0,0,0,0,0,0,0,0,0,0,0,0,0,0,0,0,0,,,,,2026-07-20,True,True,181,80
63123,https://www.koreabaseball.com/Record/Player/HitterDetail/Basic.aspx?playerId=63123,강승호,32,1994-02-09,1B,R/R,178cm/88kg,순천북초-천안북중-북일고-LG-경찰-LG-SK,13 LG 1라운드 3순위,2026,두산,62,185,163,26,42,8,0,7,71,30,4,0,9,7,46,5,5,1,2,0.258,0.436,0.315,0.751,2026-07-20,True,True,178,88
63202,https://www.koreabaseball.com/Record/Player/HitterDetail/Basic.aspx?playerId=63202,장승현,32,1994-03-07,C,R/R,184cm/86kg,인천서림초-동산중-제물포고-두산-경찰-두산,13 두산 4라운드 36순위,2026,삼성,46,28,22,1,2,0,0,0,2,0,0,0,3,1,9,3,0,2,0,0.091,0.091,0.231,0.322,2026-07-20,True,True,184,86
63257,https://www.koreabaseball.com/Record/Player/HitterDetail/Basic.aspx?playerId=63257,김인태,32,1994-07-03,OF,L/L,178cm/78kg,포항제철서초-천안북중-북일고-두산-경찰,13 두산 1라운드 4순위,2026,두산,41,51,44,4,10,3,0,1,16,4,0,0,4,3,17,1,0,0,0,0.227,0.364,0.333,0.697,2026-07-20,True,True,178,78
63260,https://www.koreabaseball.com/Record/Player/HitterDetail/Basic.aspx?playerId=63260,이우성,32,1994-07-17,OF,R/R,182cm/95kg,대전유천초-한밭중-대전고-두산-상무-두산-NC-KIA,13 두산 2라운드 15순위,2026,NC,82,320,298,33,98,16,0,6,132,38,4,1,18,1,47,10,2,1,0,0.329,0.443,0.367,0.81,2026-07-20,True,True,182,95
63512,https://www.koreabaseball.com/Record/Player/HitterDetail/Basic.aspx?playerId=63512,박진형,32,1994-06-10,P,R/R,181cm/77kg,영랑초-경포중-강릉고-롯데,13 롯데 2라운드 13순위,2026,키움,1,0,0,0,0,0,0,0,0,0,0,0,0,0,0,0,0,0,0,,,,,2026-07-20,True,True,181,77
63722,https://www.koreabaseball.com/Record/Player/HitterDetail/Basic.aspx?playerId=63722,한승택,32,1994-06-21,C,R/R,174cm/83kg,잠전초(남양주리틀)-잠신중-덕수고-한화-경찰-KIA,13 한화 3라운드 23순위,2026,KT,73,206,170,21,39,7,0,1,49,19,0,0,19,2,46,1,3,12,0,0.229,0.288,0.309,0.597,2026-07-20,True,True,174,83
63950,https://www.koreabaseball.com/Record/Player/HitterDetail/Basic.aspx?playerId=63950,장현식,31,1995-02-24,P,R/R,181cm/91kg,신도초-서울이수중-서울고-NC-경찰-NC-KIA,13 NC 1라운드 9순위,2026,LG,1,0,0,0,0,0,0,0,0,0,0,0,0,0,0,0,0,0,0,,,,,2026-07-20,True,True,181,91
63963,https://www.koreabaseball.com/Record/Player/HitterDetail/Basic.aspx?playerId=63963,권희동,36,1990-12-30,OF,R/R,177cm/85kg,동천초-경주중-경주고-경남대-NC-상무,13 NC 9라운드 84순위,2026,NC,49,154,129,24,32,5,0,3,46,19,1,1,22,1,26,1,0,2,0,0.248,0.357,0.362,0.719,2026-07-20,True,True,177,85
64004,https://www.koreabaseball.com/Record/Player/HitterDetail/Basic.aspx?playerId=64004,김민혁,31,1995-11-21,OF,L/R,181cm/71kg,광주서석초-배재중-배재고-KT-상무,14 KT 2차 6라운드 56순위,2026,KT,65,258,231,31,73,5,0,1,81,25,1,1,18,4,37,5,1,4,2,0.316,0.351,0.374,0.725,2026-07-20,True,True,181,71
64006,https://www.koreabaseball.com/Record/Player/HitterDetail/Basic.aspx?playerId=64006,심우준,31,1995-04-28,SS,R/R,183cm/75kg,송정동초-언북중-경기고-(영남사이버대)-KT-상무-KT,14 KT 2차 특별 14순위,2026,한화,78,276,238,39,62,7,0,3,78,25,15,1,28,3,47,1,1,6,11,0.261,0.328,0.344,0.672,2026-07-20,True,True,183,75
64022,https://www.koreabaseball.com/Record/Player/HitterDetail/Basic.aspx?playerId=64022,안중열,31,1995-09-01,C,R/R,176cm/87kg,가야초-개성중-부산고-(영남사이버대)-KT-롯데-상무-롯데,14 KT 2차 특별 15순위,2026,NC,44,95,82,13,20,5,0,1,28,10,1,0,8,2,20,5,1,2,1,0.244,0.341,0.323,0.664,2026-07-20,True,True,176,87
64101,https://www.koreabaseball.com/Record/Player/HitterDetail/Basic.aspx?playerId=64101,한석현,32,1994-05-17,OF,L/L,181cm/73kg,후암초-대천중-경남고-LG,14 LG 2차 5라운드 48순위,2026,NC,56,136,121,15,34,3,0,2,43,17,2,1,7,2,23,2,1,5,1,0.281,0.355,0.328,0.683,2026-07-20,True,True,181,73
64115,https://www.koreabaseball.com/Record/Player/HitterDetail/Basic.aspx?playerId=64115,장준원,31,1995-11-21,SS,R/R,183cm/77kg,경운초(김해시리틀)-개성중-경남고-LG,14 LG 2차 2라운드 23순위,2026,KT,48,65,55,2,10,1,0,2,17,7,0,0,5,0,15,1,0,5,2,0.182,0.309,0.25,0.559,2026-07-20,True,True,183,77
64153,https://www.koreabaseball.com/Record/Player/HitterDetail/Basic.aspx?playerId=64153,양석환,35,1991-07-15,1B,R/R,185cm/90kg,백운초-신일중-신일고-동국대-LG-상무-LG,14 LG 2차 3라운드 28순위,2026,두산,31,113,100,6,20,4,0,1,27,7,0,0,8,0,33,2,5,0,2,0.2,0.27,0.248,0.518,2026-07-20,True,True,185,90
64166,https://www.koreabaseball.com/Record/Player/HitterDetail/Basic.aspx?playerId=64166,배정대,31,1995-06-12,OF,R/R,185cm/80kg,도신초-성남중-성남고-(디지털문예대)-LG-KT-경찰,14 LG 2차 1라운드 3순위,2026,KT,62,97,90,18,21,7,1,0,30,11,2,1,4,2,26,2,0,1,0,0.233,0.333,0.281,0.614,2026-07-20,True,True,185,80
64340,https://www.koreabaseball.com/Record/Player/HitterDetail/Basic.aspx?playerId=64340,임지열,31,1995-08-22,OF,R/R,180cm/94kg,대전신흥초-건대부중-덕수고-히어로즈-경찰,14 넥센 2차 2라운드 22순위,2026,키움,30,83,71,9,15,3,0,1,21,4,1,2,9,1,22,4,0,2,1,0.211,0.296,0.309,0.605,2026-07-20,True,True,180,94
64346,https://www.koreabaseball.com/Record/Player/HitterDetail/Basic.aspx?playerId=64346,임병욱,31,1995-09-30,OF,L/R,187cm/94kg,수원신곡초-배명중-덕수고-히어로즈-키움-상무,14 넥센 1차,2026,키움,56,195,177,24,46,12,0,7,79,23,3,0,10,5,63,2,2,1,2,0.26,0.446,0.314,0.76,2026-07-20,True,True,187,94
64468,https://www.koreabaseball.com/Record/Player/HitterDetail/Basic.aspx?playerId=64468,박계범,30,1996-01-11,2B,R/R,177cm/84kg,순천북초-순천이수중-효천고-삼성-상무-삼성-두산,14 삼성 2차 2라운드 17순위,2026,삼성,25,37,35,6,6,0,0,1,9,2,0,0,2,0,13,2,0,0,1,0.171,0.257,0.216,0.473,2026-07-20,True,True,177,84
64504,https://www.koreabaseball.com/Record/Player/HitterDetail/Basic.aspx?playerId=64504,오윤석,34,1992-02-24,2B,R/R,180cm/87kg,화중초-자양중-경기고-연세대-롯데-상무-롯데,14 롯데 육성선수,2026,KT,63,147,134,22,39,7,0,0,46,16,0,1,11,0,33,5,1,1,4,0.291,0.343,0.342,0.685,2026-07-20,True,True,180,87
64560,https://www.koreabaseball.com/Record/Player/HitterDetail/Basic.aspx?playerId=64560,이창진,35,1991-03-04,OF,R/R,173cm/85kg,신도초-동인천중-인천고-건국대-롯데-KT-상무-KT,14 롯데 2차 6라운드 60순위,2026,KIA,1,2,2,0,0,0,0,0,0,0,0,0,0,0,1,1,0,0,0,0.0,0.0,0.0,0.0,2026-07-20,True,True,173,85
64646,https://www.koreabaseball.com/Record/Player/HitterDetail/Basic.aspx?playerId=64646,박찬호,31,1995-06-05,SS,R/R,178cm/72kg,신답초-건대부중-장충고-KIA,14 KIA 2차 5라운드 50순위,2026,두산,91,387,337,60,95,18,2,5,132,35,21,5,38,2,56,7,3,7,11,0.282,0.392,0.355,0.747,2026-07-20,True,True,178,72
64793,https://www.koreabaseball.com/Record/Player/HitterDetail/Basic.aspx?playerId=64793,김민수,35,1991-03-02,C,R/R,177cm/80kg,대구옥산초-경복중-대구상원고-영남대-한화-상무-삼성,14 한화 2차 2라운드 24순위,2026,LG,2,3,3,0,0,0,0,0,0,0,0,0,0,0,0,0,0,0,0,0.0,0.0,0.0,0.0,2026-07-20,True,True,177,80
64984,https://www.koreabaseball.com/Record/Player/HitterDetail/Basic.aspx?playerId=64984,김태진,31,1995-10-07,2B,L/R,169cm/73kg,수유초-신일중-신일고-NC-경찰-NC-KIA,14 NC 2차 4라운드 45순위,2026,키움,9,14,12,2,2,0,0,0,2,0,0,0,2,0,4,0,0,0,0,0.167,0.167,0.286,0.453,2026-07-20,True,True,169,73
65040,https://www.koreabaseball.com/Record/Player/HitterDetail/Basic.aspx?playerId=65040,김태훈,30,1996-03-31,OF,L/R,177cm/78kg,진흥초(안산리틀)-평촌중-유신고-KT,15 KT 2차 5라운드 53순위,2026,삼성,2,6,5,0,1,1,0,0,2,0,0,0,1,0,1,1,0,0,0,0.2,0.4,0.333,0.733,2026-07-20,True,True,177,78
65048,https://www.koreabaseball.com/Record/Player/HitterDetail/Basic.aspx?playerId=65048,김민수,34,1992-07-24,P,R/R,188cm/80kg,청원초-청원중-청원고-성균관대-KT-상무,15 KT 2차 특별 11순위,2026,KT,1,0,0,0,0,0,0,0,0,0,0,0,0,0,0,0,0,0,0,,,,,2026-07-20,True,True,188,80
65060,https://www.koreabaseball.com/Record/Player/HitterDetail/Basic.aspx?playerId=65060,주권,31,1995-05-31,P,R/R,181cm/82kg,청주우암초-청주중-청주고,15 KT 우선지명,2026,KT,3,0,0,0,0,0,0,0,0,0,0,0,0,0,0,0,0,0,0,,,,,2026-07-20,True,True,181,82
65062,https://www.koreabaseball.com/Record/Player/HitterDetail/Basic.aspx?playerId=65062,김재윤,36,1990-09-16,P,R/R,185cm/91kg,서울도곡초-휘문중-휘문고-KT,15 KT 2차 특별 13순위,2026,삼성,1,0,0,0,0,0,0,0,0,0,0,0,0,0,0,0,0,0,0,,,,,2026-07-20,True,True,185,91
65207,https://www.koreabaseball.com/Record/Player/HitterDetail/Basic.aspx?playerId=65207,신민재,30,1996-01-21,2B,L/R,171cm/67kg,서흥초-동인천중-인천고,15 두산 육성선수,2026,LG,88,291,251,29,63,3,0,0,66,16,10,2,31,2,38,5,2,5,5,0.251,0.263,0.336,0.599,2026-07-20,True,True,171,67
65522,https://www.koreabaseball.com/Record/Player/HitterDetail/Basic.aspx?playerId=65522,김강현,31,1995-02-27,P,L/R,177cm/84kg,고명초-청원중-청원고,15 롯데 육성선수,2026,롯데,1,0,0,0,0,0,0,0,0,0,0,0,0,0,0,0,0,0,0,,,,,2026-07-20,True,True,177,84
65586,https://www.koreabaseball.com/Record/Player/HitterDetail/Basic.aspx?playerId=65586,전병우,34,1992-10-24,3B,R/R,182cm/93kg,동삼초-경남중-개성고-동아대-롯데-키움,15 롯데 2차 3라운드 28순위,2026,삼성,77,290,239,37,53,14,0,5,82,32,2,2,32,16,79,8,3,0,5,0.222,0.343,0.348,0.691,2026-07-20,True,True,182,93
65610,https://www.koreabaseball.com/Record/Player/HitterDetail/Basic.aspx?playerId=65610,황대인,30,1996-02-10,1B,R/R,178cm/100kg,군산신풍초-자양중-경기고-KIA-상무,15 KIA 2차 1라운드 2순위,2026,KIA,3,4,4,0,0,0,0,0,0,0,0,0,0,0,1,0,0,0,0,0.0,0.0,0.0,0.0,2026-07-20,True,True,178,100
65616,https://www.koreabaseball.com/Record/Player/HitterDetail/Basic.aspx?playerId=65616,이민우,33,1993-02-09,P,R/R,185cm/104kg,순천북초-순천이수중-효천고-경성대-KIA,15 KIA 1차,2026,한화,2,0,0,0,0,0,0,0,0,0,0,0,0,0,0,0,0,0,0,,,,,2026-07-20,True,True,185,104
65639,https://www.koreabaseball.com/Record/Player/HitterDetail/Basic.aspx?playerId=65639,박정수,30,1996-01-29,P,L/R,178cm/74kg,서울청구초-서울이수중-야탑고-KIA-경찰-KIA-NC,15 KIA 2차 7라운드 65순위,2026,두산,1,0,0,0,0,0,0,0,0,0,0,0,0,0,0,0,0,0,0,,,,,2026-07-20,True,True,178,74
65653,https://www.koreabaseball.com/Record/Player/HitterDetail/Basic.aspx?playerId=65653,김호령,34,1992-04-30,OF,R/R,178cm/85kg,관산초-안산중앙중-군산상고-동국대-KIA-경찰,15 KIA 2차 10라운드 102순위,2026,KIA,89,383,346,57,98,22,1,11,155,48,12,4,23,3,99,6,5,6,2,0.283,0.448,0.329,0.777,2026-07-20,True,True,178,85
65703,https://www.koreabaseball.com/Record/Player/HitterDetail/Basic.aspx?playerId=65703,이도윤,30,1996-10-07,2B,L/R,175cm/79kg,고명초-배재중-북일고,15 한화 2차 3라운드 24순위,2026,한화,75,259,239,28,64,12,2,1,83,29,2,1,12,2,39,1,3,3,7,0.268,0.347,0.305,0.652,2026-07-20,True,True,175,79
65769,https://www.koreabaseball.com/Record/Player/HitterDetail/Basic.aspx?playerId=65769,김범수,31,1995-10-03,P,L/L,181cm/92kg,온양온천초-온양중-북일고-한화,15 한화 1차,2026,KIA,1,0,0,0,0,0,0,0,0,0,0,0,0,0,0,0,0,0,0,,,,,2026-07-20,True,True,181,92
65898,https://www.koreabaseball.com/Record/Player/HitterDetail/Basic.aspx?playerId=65898,김웅빈,30,1996-02-09,DH,L/R,182cm/97kg,서라벌초-울산제일중-울산공고-히어로즈-상무,15 SK 2차 3라운드 27순위,2026,키움,49,161,143,12,33,5,1,3,49,12,0,0,14,4,38,0,0,0,2,0.231,0.343,0.317,0.66,2026-07-20,True,True,182,97
66108,https://www.koreabaseball.com/Record/Player/HitterDetail/Basic.aspx?playerId=66108,홍창기,33,1993-11-21,OF,L/R,189cm/94kg,대일초-매송중-안산공고-건국대-LG-경찰,16 LG 2차 3라운드 27순위,2026,LG,81,342,274,48,71,11,2,0,86,24,3,2,53,11,77,9,2,2,2,0.259,0.314,0.397,0.711,2026-07-20,True,True,189,94
66112,https://www.koreabaseball.com/Record/Player/HitterDetail/Basic.aspx?playerId=66112,김기연,29,1997-09-07,C,R/R,178cm/106kg,광주수창초-진흥중-진흥고-LG,16 LG 2차 4라운드 34순위,2026,두산,25,43,39,5,8,1,0,0,9,6,0,0,1,1,6,2,1,1,1,0.205,0.231,0.238,0.469,2026-07-20,True,True,178,106
66162,https://www.koreabaseball.com/Record/Player/HitterDetail/Basic.aspx?playerId=66162,김주성,28,1998-01-30,1B,R/R,180cm/81kg,수원신곡초-덕수중-휘문고,16 LG 2차 2라운드 14순위,2026,LG,1,2,2,0,0,0,0,0,0,0,0,0,0,0,0,0,0,0,1,0.0,0.0,0.0,0.0,2026-07-20,True,True,180,81
66209,https://www.koreabaseball.com/Record/Player/HitterDetail/Basic.aspx?playerId=66209,조수행,33,1993-08-30,OF,L/R,178cm/73kg,노암초-경포중-강릉고-건국대-두산-상무,16 두산 2차 1라운드 5순위,2026,두산,71,91,73,15,23,2,1,0,27,11,10,2,11,0,9,1,0,7,0,0.315,0.37,0.405,0.775,2026-07-20,True,True,178,73
66233,https://www.koreabaseball.com/Record/Player/HitterDetail/Basic.aspx?playerId=66233,홍성호,29,1997-07-15,1B,L/R,187cm/98kg,인헌초-선린중-선린인터넷고,16 두산 2차 4라운드 36순위,2026,두산,4,13,13,1,2,0,0,0,2,0,0,0,0,0,7,1,0,0,0,0.154,0.154,0.154,0.308,2026-07-20,True,True,187,98
66291,https://www.koreabaseball.com/Record/Player/HitterDetail/Basic.aspx?playerId=66291,이영하,29,1997-11-01,P,R/R,192cm/91kg,영일초-강남중-선린인터넷고,16 두산 1차,2026,두산,1,0,0,0,0,0,0,0,0,0,0,0,0,0,0,0,0,0,0,,,,,2026-07-20,True,True,192,91
66354,https://www.koreabaseball.com/Record/Player/HitterDetail/Basic.aspx?playerId=66354,주효상,29,1997-11-11,C,L/R,183cm/95kg,역북초-강남중-서울고-히어로즈-키움,16 넥센 1차,2026,KIA,9,18,17,2,4,0,0,0,4,1,0,0,1,0,4,0,0,0,0,0.235,0.235,0.278,0.513,2026-07-20,True,True,183,95
66409,https://www.koreabaseball.com/Record/Player/HitterDetail/Basic.aspx?playerId=66409,이성규,33,1993-08-03,OF,R/R,178cm/82kg,광주대성초-광주동성중-광주동성고-인하대-삼성-경찰,16 삼성 2차 4라운드 31순위,2026,삼성,17,20,12,6,1,0,0,0,1,0,0,0,6,0,7,1,0,2,0,0.083,0.083,0.389,0.472,2026-07-20,True,True,178,82
66606,https://www.koreabaseball.com/Record/Player/HitterDetail/Basic.aspx?playerId=66606,최원준,29,1997-03-23,OF,L/R,178cm/85kg,연현초-서울경원중-서울고-KIA-상무-KIA-NC,16 KIA 2차 1라운드 3순위,2026,KT,83,393,336,72,121,21,3,8,172,48,16,8,45,6,55,2,3,3,3,0.36,0.512,0.441,0.953,2026-07-20,True,True,178,85
66614,https://www.koreabaseball.com/Record/Player/HitterDetail/Basic.aspx?playerId=66614,김규성,29,1997-03-08,2B,L/R,185cm/88kg,갈산초-선린중-선린인터넷고,16 KIA 2차 7라운드 63순위,2026,KIA,82,175,151,21,34,6,2,0,44,24,4,0,16,1,35,2,3,4,6,0.225,0.291,0.298,0.589,2026-07-20,True,True,185,88
66657,https://www.koreabaseball.com/Record/Player/HitterDetail/Basic.aspx?playerId=66657,이진영,29,1997-07-21,OF,R/R,183cm/89kg,둔촌초-선린중-선린인터넷고-KIA-경찰-KIA,16 KIA 2차 6라운드 58순위,2026,한화,39,92,79,10,18,2,0,2,26,12,2,0,10,2,28,1,1,0,1,0.228,0.329,0.326,0.655,2026-07-20,True,True,183,89
66662,https://www.koreabaseball.com/Record/Player/HitterDetail/Basic.aspx?playerId=66662,신범수,28,1998-01-25,C,L/R,177cm/83kg,광주대성초-광주동성중-광주동성고-KIA,16 KIA 2차 8라운드 78순위,2026,SSG,11,18,17,1,3,0,0,1,6,1,0,0,1,0,6,1,0,0,0,0.176,0.353,0.222,0.575,2026-07-20,True,True,177,83
66704,https://www.koreabaseball.com/Record/Player/HitterDetail/Basic.aspx?playerId=66704,김태연,29,1997-06-10,1B,R/R,178cm/96kg,서울청구초-덕수중-야탑고,16 한화 2차 6라운드 59순위,2026,한화,76,266,226,35,65,11,2,6,98,21,2,1,21,5,46,4,1,13,0,0.288,0.434,0.36,0.794,2026-07-20,True,True,178,96
66706,https://www.koreabaseball.com/Record/Player/HitterDetail/Basic.aspx?playerId=66706,장진혁,33,1993-09-30,OF,L/R,184cm/90kg,광주화정초-충장중-광주제일고-단국대-한화,16 한화 2차 4라운드 39순위,2026,KT,23,22,20,6,3,0,0,0,3,1,1,3,2,0,11,0,0,0,0,0.15,0.15,0.227,0.377,2026-07-20,True,True,184,90
66864,https://www.koreabaseball.com/Record/Player/HitterDetail/Basic.aspx?playerId=66864,안상현,29,1997-01-27,3B,R/R,178cm/74kg,사파초-선린중-용마고-SK-상무,16 SK 2차 3라운드 26순위,2026,SSG,47,123,104,19,30,5,0,1,38,10,5,3,14,2,24,4,0,3,8,0.288,0.365,0.383,0.748,2026-07-20,True,True,178,74
66965,https://www.koreabaseball.com/Record/Player/HitterDetail/Basic.aspx?playerId=66965,도태훈,33,1993-03-18,2B,L/R,184cm/85kg,양정초-개성중-부산고-동의대-NC-상무,16 NC 육성선수,2026,NC,61,81,65,7,10,3,0,0,13,7,0,1,10,6,17,2,0,0,1,0.154,0.2,0.321,0.521,2026-07-20,True,True,184,85
67005,https://www.koreabaseball.com/Record/Player/HitterDetail/Basic.aspx?playerId=67005,홍현빈,29,1997-08-29,OF,L/R,174cm/70kg,수원신곡초-매송중-유신고-KT-상무-KT,17 KT 2차 3라운드 21순위,2026,삼성,9,8,8,1,1,0,0,0,1,1,0,0,0,0,3,1,0,0,0,0.125,0.125,0.125,0.25,2026-07-20,True,True,174,70
67006,https://www.koreabaseball.com/Record/Player/HitterDetail/Basic.aspx?playerId=67006,안치영,28,1998-05-29,OF,L/R,176cm/72kg,중동초(원미구리틀)-천안북중-북일고,17 KT 2차 6라운드 51순위,2026,KT,13,5,4,1,0,0,0,0,0,1,0,0,1,0,3,0,0,0,0,0.0,0.0,0.2,0.2,2026-07-20,True,True,176,72
67143,https://www.koreabaseball.com/Record/Player/HitterDetail/Basic.aspx?playerId=67143,손주영,28,1998-12-02,P,L/L,191cm/95kg,울산대현초-개성중-경남고,17 LG 2차 1라운드 2순위,2026,LG,2,0,0,0,0,0,0,0,0,0,0,0,0,0,0,0,0,0,0,,,,,2026-07-20,True,True,191,95
67207,https://www.koreabaseball.com/Record/Player/HitterDetail/Basic.aspx?playerId=67207,이유찬,28,1998-08-05,SS,R/R,175cm/68kg,동막초-천안북중-북일고-두산-상무,17 두산 2차 5라운드 50순위,2026,두산,65,111,97,13,20,2,1,1,27,15,4,2,7,3,33,0,3,1,5,0.206,0.278,0.273,0.551,2026-07-20,True,True,175,68
67449,https://www.koreabaseball.com/Record/Player/HitterDetail/Basic.aspx?playerId=67449,김성윤,27,1999-02-02,OF,L/L,163cm/62kg,창신초(부산진구리틀)-원동중-포항제철고,17 삼성 2차 4라운드 39순위,2026,삼성,71,275,239,47,71,12,2,3,96,32,14,3,25,2,30,2,2,7,2,0.297,0.402,0.366,0.768,2026-07-20,True,True,163,62
67588,https://www.koreabaseball.com/Record/Player/HitterDetail/Basic.aspx?playerId=67588,윤성빈,27,1999-02-26,P,R/R,197cm/90kg,동일중앙초-경남중-부산고,17 롯데 1차,2026,롯데,1,0,0,0,0,0,0,0,0,0,0,0,0,0,0,0,0,0,0,,,,,2026-07-20,True,True,197,90
67609,https://www.koreabaseball.com/Record/Player/HitterDetail/Basic.aspx?playerId=67609,박정우,28,1998-02-01,OF,L/L,175cm/68kg,역삼초-언북중-덕수고,17 KIA 2차 7라운드 64순위,2026,KIA,67,60,50,12,16,1,1,0,19,9,1,1,8,1,8,0,0,1,1,0.32,0.38,0.424,0.804,2026-07-20,True,True,175,68
67644,https://www.koreabaseball.com/Record/Player/HitterDetail/Basic.aspx?playerId=67644,이정훈,32,1994-12-07,OF,L/R,185cm/90kg,교문초-배재중-휘문고-경희대-KIA-상무-KIA-롯데,17 KIA 2차 10라운드 94순위,2026,KT,56,71,57,5,18,0,0,1,21,13,0,0,13,1,7,0,0,0,1,0.316,0.368,0.451,0.819,2026-07-20,True,True,185,90
67807,https://www.koreabaseball.com/Record/Player/HitterDetail/Basic.aspx?playerId=67807,이정범,28,1998-04-10,1B,L/L,178cm/88kg,인천숭의초-동인천중-인천고,17 SK 2차 5라운드 46순위,2026,KT,6,13,13,0,3,1,0,0,4,0,0,0,0,0,4,0,0,0,1,0.231,0.308,0.231,0.539,2026-07-20,True,True,178,88
67893,https://www.koreabaseball.com/Record/Player/HitterDetail/Basic.aspx?playerId=67893,박성한,28,1998-03-30,SS,L/R,180cm/77kg,순천북초-여수중-효천고-SK-상무-SK,17 SK 2차 2라운드 16순위,2026,SSG,90,393,331,58,109,21,1,3,141,41,5,2,59,1,49,2,2,0,13,0.329,0.426,0.43,0.856,2026-07-20,True,True,180,77
67905,https://www.koreabaseball.com/Record/Player/HitterDetail/Basic.aspx?playerId=67905,천재환,32,1994-04-01,OF,R/R,181cm/83kg,대전신흥초-공주중-화순고-고려대,17 NC 육성선수,2026,NC,56,142,126,25,34,7,1,3,52,17,2,4,8,3,30,0,2,3,5,0.27,0.413,0.324,0.737,2026-07-20,True,True,181,83
68050,https://www.koreabaseball.com/Record/Player/HitterDetail/Basic.aspx?playerId=68050,강백호,27,1999-07-29,DH,L/R,184cm/98kg,부천북초-서울이수중-서울고-KT,18 KT 2차 1라운드 1순위,2026,한화,82,358,314,53,99,18,0,23,186,86,0,2,39,1,70,6,4,0,0,0.315,0.592,0.388,0.98,2026-07-20,True,True,184,98
68089,https://www.koreabaseball.com/Record/Player/HitterDetail/Basic.aspx?playerId=68089,조대현,27,1999-08-06,C,R/R,183cm/81kg,길동초-매송중-유신고,18 KT 2차 10라운드 91순위,2026,KT,17,25,21,4,5,1,0,1,9,2,0,0,3,0,6,0,0,1,0,0.238,0.429,0.333,0.762,2026-07-20,True,True,183,81
68106,https://www.koreabaseball.com/Record/Player/HitterDetail/Basic.aspx?playerId=68106,이재원,27,1999-07-17,OF,R/R,192cm/105kg,청주석교초-서울경원중-서울고-LG-상무,18 LG 2차 2라운드 17순위,2026,LG,36,79,69,5,16,6,0,2,28,9,0,1,6,3,27,0,1,0,1,0.232,0.406,0.316,0.722,2026-07-20,True,True,192,105
68110,https://www.koreabaseball.com/Record/Player/HitterDetail/Basic.aspx?playerId=68110,송찬의,27,1999-02-20,OF,R/R,182cm/80kg,화곡초-선린중-선린인터넷고,18 LG 2차 7라운드 67순위,2026,LG,67,234,203,39,58,19,1,8,103,33,1,0,21,10,56,7,0,0,1,0.286,0.507,0.38,0.887,2026-07-20,True,True,182,80
68119,https://www.koreabaseball.com/Record/Player/HitterDetail/Basic.aspx?playerId=68119,문성주,29,1997-02-20,OF,L/L,175cm/78kg,포항서초-포항제철중-경북고-강릉영동대,18 LG 2차 10라운드 97순위,2026,LG,58,200,178,13,52,8,0,1,63,19,2,1,16,2,26,4,2,2,1,0.292,0.354,0.354,0.708,2026-07-20,True,True,175,78
68205,https://www.koreabaseball.com/Record/Player/HitterDetail/Basic.aspx?playerId=68205,전민재,27,1999-06-30,SS,R/R,181cm/73kg,천안남산초-천안북중-대전고-두산,18 두산 2차 4라운드 40순위,2026,롯데,85,308,282,31,77,13,0,8,114,46,9,3,18,3,65,5,3,2,9,0.273,0.404,0.32,0.724,2026-07-20,True,True,181,73
68249,https://www.koreabaseball.com/Record/Player/HitterDetail/Basic.aspx?playerId=68249,박신지,27,1999-07-16,P,R/R,185cm/75kg,목암초(의정부리틀)-영동중-경기고-두산-상무,18 두산 2차 1라운드 10순위,2026,두산,1,0,0,0,0,0,0,0,0,0,0,0,0,0,0,0,0,0,0,,,,,2026-07-20,True,True,185,75
68260,https://www.koreabaseball.com/Record/Player/HitterDetail/Basic.aspx?playerId=68260,현도훈,33,1993-01-13,P,L/R,188cm/95kg,풍양초(남양주리틀)-서울신일중-일본 교토고쿠사이고-일본 큐슈교리츠대-두산,18 두산 육성선수,2026,롯데,1,0,0,0,0,0,0,0,0,0,0,0,0,0,0,0,0,0,0,,,,,2026-07-20,True,True,188,95
68362,https://www.koreabaseball.com/Record/Player/HitterDetail/Basic.aspx?playerId=68362,추재현,27,1999-02-22,OF,L/L,178cm/85kg,경수초(성동구리틀)-건대부중-신일고-히어로즈-키움-롯데-상무-롯데-두산,18 넥센 2차 3라운드 28순위,2026,키움,28,101,91,8,26,2,0,2,34,6,0,0,8,2,14,7,0,0,2,0.286,0.374,0.356,0.73,2026-07-20,True,True,178,85
68463,https://www.koreabaseball.com/Record/Player/HitterDetail/Basic.aspx?playerId=68463,윤정빈,27,1999-06-24,OF,L/R,182cm/93kg,신도초-부천중-부천고-삼성-상무,18 삼성 2차 5라운드 42순위,2026,삼성,1,3,3,0,0,0,0,0,0,0,0,0,0,0,3,0,0,0,0,0.0,0.0,0.0,0.0,2026-07-20,True,True,182,93
68504,https://www.koreabaseball.com/Record/Player/HitterDetail/Basic.aspx?playerId=68504,이호연,31,1995-06-03,1B,L/R,177cm/87kg,광주수창초-진흥중-광주제일고-성균관대-롯데-KT,18 롯데 2차 6라운드 53순위,2026,KIA,6,19,16,0,2,0,0,0,2,0,0,0,2,1,7,2,0,0,0,0.125,0.125,0.263,0.388,2026-07-20,True,True,177,87
68507,https://www.koreabaseball.com/Record/Player/HitterDetail/Basic.aspx?playerId=68507,장두성,27,1999-09-16,OF,L/R,176cm/75kg,축현초-재능중-동산고,18 롯데 2차 10라운드 93순위,2026,롯데,64,165,153,21,41,4,1,0,47,15,15,0,7,2,37,0,1,2,0,0.268,0.307,0.307,0.614,2026-07-20,True,True,176,75
68518,https://www.koreabaseball.com/Record/Player/HitterDetail/Basic.aspx?playerId=68518,정보근,27,1999-08-31,C,R/R,175cm/94kg,부산수영초-경남중-경남고,18 롯데 2차 9라운드 83순위,2026,롯데,8,5,5,0,1,0,0,0,1,0,0,0,0,0,3,0,0,0,0,0.2,0.2,0.2,0.4,2026-07-20,True,True,175,94
68525,https://www.koreabaseball.com/Record/Player/HitterDetail/Basic.aspx?playerId=68525,한동희,27,1999-06-01,3B,R/R,182cm/108kg,부산대연초-경남중-경남고-롯데-상무,18 롯데 1차,2026,롯데,53,216,193,25,54,9,0,7,84,26,1,0,17,3,39,10,3,0,5,0.28,0.435,0.343,0.778,2026-07-20,True,True,182,108
68529,https://www.koreabaseball.com/Record/Player/HitterDetail/Basic.aspx?playerId=68529,이승헌,28,1998-12-19,P,R/R,196cm/97kg,무학초-마산동중-용마고,18 롯데 2차 1라운드 3순위,2026,롯데,1,0,0,0,0,0,0,0,0,0,0,0,0,0,0,0,0,0,0,,,,,2026-07-20,True,True,196,97
68646,https://www.koreabaseball.com/Record/Player/HitterDetail/Basic.aspx?playerId=68646,한준수,27,1999-02-13,C,L/R,184cm/95kg,광주서석초-광주동성중-광주동성고,18 KIA 1차,2026,KIA,78,275,223,30,69,19,0,6,106,28,0,1,39,7,40,7,2,4,4,0.309,0.475,0.424,0.899,2026-07-20,True,True,184,95
68700,https://www.koreabaseball.com/Record/Player/HitterDetail/Basic.aspx?playerId=68700,이원석,27,1999-03-31,OF,R/R,177cm/80kg,화곡초-충암중-충암고,18 한화 2차 4라운드 34순위,2026,한화,69,168,152,25,42,5,2,1,54,13,4,4,11,1,28,1,0,4,0,0.276,0.355,0.329,0.684,2026-07-20,True,True,177,80
68743,https://www.koreabaseball.com/Record/Player/HitterDetail/Basic.aspx?playerId=68743,정은원,26,2000-01-17,OF,L/R,177cm/82kg,상인천초-상인천중-인천고-한화-상무,18 한화 2차 3라운드 24순위,2026,한화,4,5,5,0,1,1,0,0,2,0,0,0,0,0,1,0,0,0,0,0.2,0.4,0.2,0.6,2026-07-20,True,True,177,82
68830,https://www.koreabaseball.com/Record/Player/HitterDetail/Basic.aspx?playerId=68830,김정우,27,1999-05-15,P,R/R,183cm/87kg,소래초-동산중-동산고-SK-상무-SSG,18 SK 1차,2026,두산,1,0,0,0,0,0,0,0,0,0,0,0,0,0,0,0,0,0,0,,,,,2026-07-20,True,True,183,87
68868,https://www.koreabaseball.com/Record/Player/HitterDetail/Basic.aspx?playerId=68868,최준우,27,1999-03-25,OF,L/R,175cm/78kg,방배초-대치중-장충고-SK-상무,18 SK 2차 4라운드 35순위,2026,SSG,25,50,41,10,10,2,0,1,15,2,0,0,8,1,9,0,0,0,0,0.244,0.366,0.38,0.746,2026-07-20,True,True,175,78
68904,https://www.koreabaseball.com/Record/Player/HitterDetail/Basic.aspx?playerId=68904,오영수,26,2000-01-30,1B,L/R,178cm/93kg,사파초-창원신월중-용마고-NC-상무,18 NC 2차 2라운드 19순위,2026,NC,26,54,46,5,10,0,0,2,16,3,0,0,6,2,15,2,0,0,1,0.217,0.348,0.333,0.681,2026-07-20,True,True,178,93
68912,https://www.koreabaseball.com/Record/Player/HitterDetail/Basic.aspx?playerId=68912,김형준,27,1999-11-02,C,R/R,187cm/98kg,가동초-세광중-세광고-NC-상무,18 NC 2차 1라운드 9순위,2026,NC,77,241,210,26,50,4,1,10,86,41,0,0,21,4,77,9,3,3,4,0.238,0.41,0.315,0.725,2026-07-20,True,True,187,98
69047,https://www.koreabaseball.com/Record/Player/HitterDetail/Basic.aspx?playerId=69047,전용주,26,2000-02-12,P,L/L,188cm/87kg,양진초(안성시리틀)-성일중-안산공고,19 KT 1차,2026,KT,1,0,0,0,0,0,0,0,0,0,0,0,0,0,0,0,0,0,0,,,,,2026-07-20,True,True,188,87
69064,https://www.koreabaseball.com/Record/Player/HitterDetail/Basic.aspx?playerId=69064,강민성,27,1999-12-08,2B,R/R,180cm/85kg,대구옥산초-경상중-경북고,19 KT 2차 6라운드 51순위,2026,KT,9,4,4,0,1,0,0,0,1,1,0,0,0,0,0,0,0,0,0,0.25,0.25,0.25,0.5,2026-07-20,True,True,180,85
69100,https://www.koreabaseball.com/Record/Player/HitterDetail/Basic.aspx?playerId=69100,구본혁,29,1997-01-11,3B,R/R,177cm/75kg,중대초-잠신중-장충고-동국대-LG-상무,19 LG 2차 6라운드 55순위,2026,LG,86,221,191,20,51,3,0,0,54,15,3,0,17,2,27,4,1,10,5,0.267,0.283,0.332,0.615,2026-07-20,True,True,177,75
69102,https://www.koreabaseball.com/Record/Player/HitterDetail/Basic.aspx?playerId=69102,문보경,26,2000-07-19,3B,L/R,182cm/88kg,송중초(동대문구리틀)-덕수중-신일고,19 LG 2차 3라운드 25순위,2026,LG,63,263,217,25,55,7,0,7,83,39,0,0,40,1,52,7,5,0,2,0.253,0.382,0.365,0.747,2026-07-20,True,True,182,88
69105,https://www.koreabaseball.com/Record/Player/HitterDetail/Basic.aspx?playerId=69105,김성진,26,2000-03-17,1B,R/R,183cm/100kg,수원신곡초-매향중-야탑고,19 LG 2차 7라운드 65순위,2026,LG,4,6,5,0,0,0,0,0,0,0,0,0,1,0,3,0,0,0,0,0.0,0.0,0.167,0.167,2026-07-20,True,True,183,100
69238,https://www.koreabaseball.com/Record/Player/HitterDetail/Basic.aspx?playerId=69238,김대한,26,2000-12-06,OF,R/R,185cm/83kg,숭인초(강북구리틀)-덕수중-휘문고,19 두산 1차,2026,두산,3,7,6,1,2,0,0,0,2,0,0,0,1,0,1,0,0,0,1,0.333,0.333,0.429,0.762,2026-07-20,True,True,185,83
69332,https://www.koreabaseball.com/Record/Player/HitterDetail/Basic.aspx?playerId=69332,주성원,26,2000-08-30,OF,R/R,182cm/95kg,부산대연초(남구리틀)-부산신정중-개성고,19 넥센 2차 3라운드 24순위,2026,키움,11,20,16,2,2,0,0,0,2,0,0,0,3,1,6,0,0,0,0,0.125,0.125,0.3,0.425,2026-07-20,True,True,182,95
69360,https://www.koreabaseball.com/Record/Player/HitterDetail/Basic.aspx?playerId=69360,조영건,27,1999-02-04,P,R/R,180cm/85kg,대전신흥초-충남중-백송고,19 넥센 2차 2라운드 14순위,2026,키움,1,0,0,0,0,0,0,0,0,0,0,0,0,0,0,0,0,0,0,,,,,2026-07-20,True,True,180,85
69403,https://www.koreabaseball.com/Record/Player/HitterDetail/Basic.aspx?playerId=69403,양우현,26,2000-04-13,2B,L/R,175cm/82kg,남정초-충암중-충암고,19 삼성 2차 3라운드 22순위,2026,삼성,59,106,88,13,15,4,0,1,22,9,2,1,12,2,24,0,3,1,2,0.17,0.25,0.276,0.526,2026-07-20,True,True,175,82
69416,https://www.koreabaseball.com/Record/Player/HitterDetail/Basic.aspx?playerId=69416,이해승,26,2000-08-01,SS,R/R,180cm/86kg,인천서림초-신흥중-인천고-삼성-상무,19 삼성 2차 8라운드 72순위,2026,삼성,20,16,14,1,1,0,0,0,1,1,0,0,1,0,6,0,0,1,0,0.071,0.071,0.133,0.204,2026-07-20,True,True,180,86
69418,https://www.koreabaseball.com/Record/Player/HitterDetail/Basic.aspx?playerId=69418,박승규,26,2000-09-02,OF,R/R,178cm/78kg,일산초-덕수중-경기고-삼성-상무,19 삼성 2차 9라운드 82순위,2026,삼성,70,263,218,46,63,10,5,9,110,34,6,1,40,3,37,5,2,0,3,0.289,0.505,0.403,0.908,2026-07-20,True,True,178,78
69428,https://www.koreabaseball.com/Record/Player/HitterDetail/Basic.aspx?playerId=69428,이병헌,27,1999-10-26,C,R/R,180cm/87kg,인천숭의초-인천신흥중-제물포고,19 삼성 2차 4라운드 32순위,2026,삼성,1,0,0,0,0,0,0,0,0,0,0,0,0,0,0,0,0,0,0,,,,,2026-07-20,True,True,180,87
69442,https://www.koreabaseball.com/Record/Player/HitterDetail/Basic.aspx?playerId=69442,김도환,26,2000-04-14,C,R/R,178cm/90kg,언북초(의정부리틀)-영동중-신일고-삼성-상무,19 삼성 2차 2라운드 12순위,2026,삼성,34,87,70,8,20,4,0,1,27,7,0,0,10,3,21,2,1,3,1,0.286,0.386,0.393,0.779,2026-07-20,True,True,178,90
69508,https://www.koreabaseball.com/Record/Player/HitterDetail/Basic.aspx?playerId=69508,신윤후,30,1996-01-05,OF,R/R,177cm/77kg,무학초-마산중-마산고-동의대,19 롯데 2차 10라운드 98순위,2026,롯데,26,20,19,7,4,2,0,0,6,0,0,0,1,0,8,1,0,0,1,0.211,0.316,0.25,0.566,2026-07-20,True,True,177,77
69517,https://www.koreabaseball.com/Record/Player/HitterDetail/Basic.aspx?playerId=69517,고승민,26,2000-08-11,2B,L/R,189cm/92kg,군산신풍초-천안북중-북일고,19 롯데 2차 1라운드 8순위,2026,롯데,58,256,231,38,62,10,2,6,94,34,0,1,21,0,47,0,3,1,1,0.268,0.407,0.325,0.732,2026-07-20,True,True,189,92
69636,https://www.koreabaseball.com/Record/Player/HitterDetail/Basic.aspx?playerId=69636,오선우,30,1996-12-13,1B,L/L,186cm/95kg,성동초-자양중-배명고-인하대,19 KIA 2차 5라운드 50순위,2026,KIA,20,61,54,6,13,4,0,3,26,6,0,0,7,0,16,0,0,0,1,0.241,0.481,0.328,0.809,2026-07-20,True,True,186,95
69727,https://www.koreabaseball.com/Record/Player/HitterDetail/Basic.aspx?playerId=69727,변우혁,26,2000-03-18,3B,R/R,185cm/100kg,일산초-현도중-북일고-한화-상무-한화,19 한화 1차,2026,KIA,26,58,54,7,12,2,0,3,23,8,0,0,3,1,14,3,0,0,1,0.222,0.426,0.276,0.702,2026-07-20,True,True,185,100
69737,https://www.koreabaseball.com/Record/Player/HitterDetail/Basic.aspx?playerId=69737,노시환,26,2000-12-03,3B,R/R,185cm/105kg,부산수영초-경남중-경남고,19 한화 2차 1라운드 3순위,2026,한화,79,359,314,63,82,13,1,19,154,63,2,3,34,7,99,9,3,1,10,0.261,0.49,0.344,0.834,2026-07-20,True,True,185,105
69804,https://www.koreabaseball.com/Record/Player/HitterDetail/Basic.aspx?playerId=69804,채현우,31,1995-11-21,OF,R/R,182cm/80kg,칠성초-경복중-대구상원고-송원대-SK,19 SK 2차 8라운드 76순위,2026,SSG,47,51,47,10,12,3,0,1,18,7,4,2,1,0,14,0,2,1,0,0.255,0.383,0.26,0.643,2026-07-20,True,True,182,80
69825,https://www.koreabaseball.com/Record/Player/HitterDetail/Basic.aspx?playerId=69825,김창평,26,2000-06-14,OF,L/R,185cm/85kg,학강초-무등중-광주제일고-SK,19 SK 2차 1라운드 6순위,2026,SSG,6,5,5,0,0,0,0,0,0,0,0,0,0,0,1,0,0,0,0,0.0,0.0,0.0,0.0,2026-07-20,True,True,185,85
69992,https://www.koreabaseball.com/Record/Player/HitterDetail/Basic.aspx?playerId=69992,최정원,26,2000-06-24,OF,L/R,176cm/70kg,서원초-청주중-청주고-NC-상무,19 NC 2차 7라운드 67순위,2026,NC,69,138,117,27,31,3,0,0,34,6,23,5,10,5,25,1,0,6,2,0.265,0.291,0.348,0.639,2026-07-20,True,True,176,70
69995,https://www.koreabaseball.com/Record/Player/HitterDetail/Basic.aspx?playerId=69995,서호철,30,1996-10-16,1B,R/R,179cm/85kg,순천남산초-순천이수중-효천고-동의대-NC-상무,19 NC 2차 9라운드 87순위,2026,NC,45,139,120,18,27,4,0,2,37,14,1,0,14,0,28,3,0,5,8,0.225,0.308,0.306,0.614,2026-07-20,True,True,179,85
72443,https://www.koreabaseball.com/Record/Player/HitterDetail/Basic.aspx?playerId=72443,최형우,43,1983-12-16,DH,L/R,180cm/106kg,진북초-전주동중-전주고-삼성-경찰-삼성-KIA,02 삼성 2차 6라운드 48순위,2026,삼성,84,361,299,40,99,16,0,12,151,67,1,0,53,3,51,11,6,0,0,0.331,0.505,0.429,0.934,2026-07-20,True,True,180,106
73117,https://www.koreabaseball.com/Record/Player/HitterDetail/Basic.aspx?playerId=73117,우규민,41,1985-01-21,P,R/R,184cm/75kg,성동초-휘문중-휘문고-LG-경찰-LG-삼성,03 LG 2차 3라운드 19순위,2026,KT,3,0,0,0,0,0,0,0,0,0,0,0,0,0,0,0,0,0,0,,,,,2026-07-20,True,True,184,75
73211,https://www.koreabaseball.com/Record/Player/HitterDetail/Basic.aspx?playerId=73211,노경은,42,1984-03-11,P,R/R,187cm/100kg,화곡초-성남중-성남고-두산-롯데,03 두산 1차,2026,SSG,1,0,0,0,0,0,0,0,0,0,0,0,0,0,0,0,0,0,0,,,,,2026-07-20,True,True,187,100
74540,https://www.koreabaseball.com/Record/Player/HitterDetail/Basic.aspx?playerId=74540,강민호,41,1985-08-18,C,R/R,185cm/100kg,제주신광초-포철중-포철공고-(국제디지털대)-롯데,04 롯데 2차 3라운드 17순위,2026,삼성,63,206,177,15,47,9,0,6,74,37,0,2,25,4,45,3,0,0,3,0.266,0.418,0.369,0.787,2026-07-20,True,True,185,100
75125,https://www.koreabaseball.com/Record/Retire/Hitter.aspx?playerId=75125,박병호,40,1986-07-10,1B,R/R,185cm/107kg,영일초(광명리틀)-영남중-성남고-상무-LG-넥센-미네소타-넥센-키움-KT-삼성,05 LG 1차,2026,키움,1,0,0,0,0,0,0,0,0,0,0,0,0,0,0,0,0,0,0,,,,,2026-07-20,True,True,185,107
75847,https://www.koreabaseball.com/Record/Player/HitterDetail/Basic.aspx?playerId=75847,최정,39,1987-02-28,3B,R/R,180cm/90kg,대일초-평촌중-유신고-SK,05 SK 1차,2026,SSG,71,305,255,45,78,17,1,20,157,57,3,1,37,6,66,7,7,0,2,0.306,0.616,0.397,1.013,2026-07-20,True,True,180,90
76232,https://www.koreabaseball.com/Record/Player/HitterDetail/Basic.aspx?playerId=76232,양의지,39,1987-06-05,C,R/R,180cm/95kg,송정동초-무등중-진흥고-두산-경찰-두산-NC,06 두산 2차 8라운드 59순위,2026,두산,88,351,294,29,74,11,0,12,121,46,1,0,32,16,39,10,9,0,1,0.252,0.412,0.348,0.76,2026-07-20,True,True,180,95
76267,https://www.koreabaseball.com/Record/Player/HitterDetail/Basic.aspx?playerId=76267,최주환,38,1988-02-28,1B,L/R,177cm/73kg,학강초-광주동성중-광주동성고-두산-상무-두산-SK-SSG,06 두산 2차 6라운드 46순위,2026,키움,82,280,241,21,57,10,1,3,78,30,0,0,33,1,38,7,2,3,5,0.237,0.324,0.329,0.653,2026-07-20,True,True,177,73
76290,https://www.koreabaseball.com/Record/Player/HitterDetail/Basic.aspx?playerId=76290,김현수,38,1988-01-12,OF,L/R,188cm/105kg,쌍문초-신일중-신일고-두산-볼티모어-필라델피아-LG,06 두산 육성선수,2026,KT,86,389,354,41,100,22,0,6,140,55,0,2,32,1,44,11,2,0,2,0.282,0.395,0.342,0.737,2026-07-20,True,True,188,105
77532,https://www.koreabaseball.com/Record/Player/HitterDetail/Basic.aspx?playerId=77532,손아섭,38,1988-03-18,OF,L/R,174cm/84kg,양정초-개성중-부산고-롯데-NC-한화,07 롯데 2차 4라운드 29순위,2026,두산,42,154,138,14,34,3,0,1,40,14,0,0,13,0,28,2,3,0,1,0.246,0.29,0.305,0.595,2026-07-20,True,True,174,84
77564,https://www.koreabaseball.com/Record/Player/HitterDetail/Basic.aspx?playerId=77564,김민성,38,1988-12-17,3B,R/R,181cm/94kg,고명초-잠신중-덕수정보고-(영남사이버대)-롯데-히어로즈-키움-LG,07 롯데 2차 2라운드 13순위,2026,롯데,16,32,27,3,4,1,0,1,8,4,0,0,5,0,5,1,0,0,0,0.148,0.296,0.281,0.577,2026-07-20,True,True,181,94
78122,https://www.koreabaseball.com/Record/Player/HitterDetail/Basic.aspx?playerId=78122,김태군,37,1989-12-30,C,R/R,182cm/92kg,양정초-대동중-부산고-LG-NC-경찰-NC-삼성,08 LG 2차 3라운드 17순위,2026,KIA,46,113,101,11,26,5,0,2,37,7,0,0,6,3,16,6,1,2,1,0.257,0.366,0.315,0.681,2026-07-20,True,True,182,92
78135,https://www.koreabaseball.com/Record/Player/HitterDetail/Basic.aspx?playerId=78135,이형종,37,1989-06-07,OF,R/R,183cm/87kg,화곡초-양천중-서울고-LG,08 LG 1차,2026,키움,43,137,116,16,24,5,0,3,38,13,2,0,17,3,38,3,0,1,0,0.207,0.328,0.324,0.652,2026-07-20,True,True,183,87
78168,https://www.koreabaseball.com/Record/Player/HitterDetail/Basic.aspx?playerId=78168,서건창,37,1989-08-22,2B,L/R,176cm/84kg,송정동초-충장중-광주제일고-LG-히어로즈-키움-LG-KIA,08 LG 육성선수,2026,키움,56,256,217,33,63,8,3,1,80,18,1,0,27,7,25,7,1,4,1,0.29,0.369,0.385,0.754,2026-07-20,True,True,176,84
78224,https://www.koreabaseball.com/Record/Player/HitterDetail/Basic.aspx?playerId=78224,김재환,38,1988-09-22,DH,L/R,184cm/98kg,영랑초-상인천중-인천고-두산-상무-두산,08 두산 2차 1라운드 4순위,2026,SSG,78,308,259,32,55,5,0,14,102,45,1,1,45,3,89,4,1,0,0,0.212,0.394,0.334,0.728,2026-07-20,True,True,184,98
78288,https://www.koreabaseball.com/Record/Player/HitterDetail/Basic.aspx?playerId=78288,최재훈,37,1989-08-27,C,R/R,178cm/94kg,화곡초-덕수중-덕수고-(방송통신대)-두산-경찰-두산,08 두산 육성선수,2026,한화,41,110,90,11,15,0,0,0,15,13,0,0,9,7,19,3,2,2,2,0.167,0.167,0.287,0.454,2026-07-20,True,True,178,94
78513,https://www.koreabaseball.com/Record/Player/HitterDetail/Basic.aspx?playerId=78513,전준우,40,1986-02-25,OF,R/R,184cm/98kg,흥무초-경주중-경주고-건국대-롯데-경찰,08 롯데 2차 2라운드 15순위,2026,롯데,52,193,178,12,40,6,0,2,52,13,0,1,13,0,29,4,2,0,1,0.225,0.292,0.275,0.567,2026-07-20,True,True,184,98
78548,https://www.koreabaseball.com/Record/Player/HitterDetail/Basic.aspx?playerId=78548,장성우,36,1990-01-17,C,R/R,187cm/100kg,감천초-경남중-경남고-롯데-경찰-롯데,08 롯데 1차,2026,KT,56,212,170,29,35,10,0,9,72,37,1,0,39,2,53,8,1,0,0,0.206,0.424,0.358,0.782,2026-07-20,True,True,187,100
78603,https://www.koreabaseball.com/Record/Player/HitterDetail/Basic.aspx?playerId=78603,김선빈,37,1989-12-18,2B,R/R,165cm/77kg,화순초-화순중-화순고-KIA-상무,08 KIA 2차 6라운드 43순위,2026,KIA,87,338,291,31,73,15,0,1,91,27,0,0,41,4,35,8,1,1,2,0.251,0.313,0.35,0.663,2026-07-20,True,True,165,77
78756,https://www.koreabaseball.com/Record/Player/HitterDetail/Basic.aspx?playerId=78756,오선진,37,1989-07-07,SS,R/R,178cm/80kg,화곡초-성남중-성남고-한화-상무-한화-삼성-한화-롯데,08 한화 2차 4라운드 26순위,2026,키움,52,69,61,5,12,2,0,0,14,3,0,0,4,0,12,1,0,4,0,0.197,0.23,0.246,0.476,2026-07-20,True,True,178,80
79109,https://www.koreabaseball.com/Record/Player/HitterDetail/Basic.aspx?playerId=79109,오지환,36,1990-03-12,SS,L/R,185cm/80kg,군산초-자양중-경기고,09 LG 1차,2026,LG,82,288,247,33,63,9,0,7,93,42,4,2,29,3,57,4,3,6,11,0.255,0.377,0.337,0.714,2026-07-20,True,True,185,80
79192,https://www.koreabaseball.com/Record/Player/HitterDetail/Basic.aspx?playerId=79192,채은성,36,1990-02-06,1B,R/R,186cm/92kg,순천북초-순천이수중-효천고-LG,09 LG 육성선수,2026,한화,28,115,102,10,25,3,0,2,34,12,1,0,8,3,21,5,2,0,4,0.245,0.333,0.313,0.646,2026-07-20,True,True,186,92
79215,https://www.koreabaseball.com/Record/Player/HitterDetail/Basic.aspx?playerId=79215,박건우,36,1990-09-08,OF,R/R,184cm/80kg,역삼초-서울이수중-서울고-두산-경찰-두산,09 두산 2차 2라운드 10순위,2026,NC,83,336,285,42,84,12,0,16,144,55,7,2,41,1,60,5,9,0,0,0.295,0.505,0.375,0.88,2026-07-20,True,True,184,80
79231,https://www.koreabaseball.com/Record/Player/HitterDetail/Basic.aspx?playerId=79231,정수빈,36,1990-10-07,OF,L/L,175cm/70kg,수원신곡초-수원북중-유신고-두산-경찰,09 두산 2차 5라운드 39순위,2026,두산,89,354,302,48,81,9,4,6,116,32,15,5,39,4,50,4,1,8,2,0.268,0.384,0.358,0.742,2026-07-20,True,True,175,70
79240,https://www.koreabaseball.com/Record/Player/HitterDetail/Basic.aspx?playerId=79240,허경민,36,1990-08-26,3B,R/R,176cm/69kg,송정동초-충장중-광주제일고-두산-경찰-두산,09 두산 2차 1라운드 7순위,2026,KT,55,205,180,34,60,8,0,3,77,27,1,2,16,7,17,8,1,1,3,0.333,0.428,0.407,0.835,2026-07-20,True,True,176,69
79365,https://www.koreabaseball.com/Record/Player/HitterDetail/Basic.aspx?playerId=79365,박동원,36,1990-04-07,C,R/R,178cm/92kg,양정초-개성중-개성고-히어로즈-상무-히어로즈-키움-KIA,09 히어로즈 2차 3라운드 19순위,2026,LG,80,281,230,36,54,11,0,10,95,40,1,2,38,4,68,9,3,6,3,0.235,0.413,0.349,0.762,2026-07-20,True,True,178,92
79402,https://www.koreabaseball.com/Record/Player/HitterDetail/Basic.aspx?playerId=79402,김상수,36,1990-03-23,2B,R/R,175cm/68kg,대구옥산초-경복중-경북고-삼성,09 삼성 1차,2026,KT,78,303,253,26,71,8,1,0,81,24,0,3,37,5,37,8,1,7,3,0.281,0.32,0.382,0.702,2026-07-20,True,True,175,68
79456,https://www.koreabaseball.com/Record/Player/HitterDetail/Basic.aspx?playerId=79456,이지영,40,1986-02-27,C,R/R,177cm/88kg,서화초-인천신흥중-제물포고-경성대-삼성-상무-삼성-키움,08 삼성 육성선수,2026,SSG,37,81,70,9,14,3,0,0,17,5,1,0,7,0,7,2,1,3,1,0.2,0.243,0.269,0.512,2026-07-20,True,True,177,88
79608,https://www.koreabaseball.com/Record/Player/HitterDetail/Basic.aspx?playerId=79608,안치홍,36,1990-07-02,2B,R/R,178cm/97kg,구지초(구리리틀)-대치중-서울고-KIA-경찰-KIA-롯데-한화,09 KIA 2차 1라운드 1순위,2026,키움,79,333,295,31,80,12,0,6,110,35,0,0,33,2,47,11,3,0,2,0.271,0.373,0.345,0.718,2026-07-20,True,True,178,97
