player_id,source_url,player_name,age,birth_date,position,bat_throw,height_weight,career,draft,season,team,earned_run_average,games,complete_games,shutouts,wins,losses,saves,holds,winning_percentage,batters_faced,innings_pitched_display,hits_allowed,home_runs_allowed,walks_allowed,hit_batters,strikeouts,runs_allowed,earned_runs,as_of_date,is_partial,age_was_corrected,height_cm,weight_kg,innings_pitched_outs
50030,https://www.koreabaseball.com/Record/Player/PitcherDetail/Basic.aspx?playerId=50030,소형준,25,2001-09-16,P,R/R,189cm/92kg,호암초(의정부리틀)-구리인창중-유신고,20 KT 1차,2026,KT,3.09,12,0,0,5,0,0,0,1.0,286,67,77,3,13,3,53,27,23,2026-07-20,True,True,189,92,201
50106,https://www.koreabaseball.com/Record/Player/PitcherDetail/Basic.aspx?playerId=50106,유영찬,29,1997-03-07,P,L/R,185cm/90kg,덕성초(안산리틀)-배명중-배명고-건국대,20 LG 2차 5라운드 43순위,2026,LG,0.75,13,0,0,0,1,11,0,0.0,45,12,4,0,6,0,12,1,1,2026-07-20,True,True,185,90,36
50126,https://www.koreabaseball.com/Record/Player/PitcherDetail/Basic.aspx?playerId=50126,이민호,25,2001-08-30,P,R/R,189cm/93kg,서울학동초-대치중-휘문고,20 LG 1차,2026,LG,0.0,1,0,0,0,0,0,0,,4,1,0,0,1,0,1,0,0,2026-07-20,True,True,189,93,3
50157,https://www.koreabaseball.com/Record/Player/PitcherDetail/Basic.aspx?playerId=50157,김윤식,26,2000-04-03,P,L/L,181cm/83kg,광주서석초-무등중-진흥고,20 LG 2차 1라운드 3순위,2026,LG,4.32,22,0,0,0,0,0,4,,111,25,20,1,18,3,17,12,12,2026-07-20,True,True,181,83,75
50234,https://www.koreabaseball.com/Record/Player/PitcherDetail/Basic.aspx?playerId=50234,플렉센,32,1994-07-01,P,R/R,190cm/99kg,미국 Newark Memorial(고),20 두산 자유선발,2026,두산,5.4,2,0,0,0,2,0,0,0.0,26,5,2,1,6,2,3,4,3,2026-07-20,True,True,190,99,15
50464,https://www.koreabaseball.com/Record/Player/PitcherDetail/Basic.aspx?playerId=50464,이승민,26,2000-08-26,P,L/L,174cm/79kg,본리초-경상중-대구고-삼성-상무,20 삼성 2차 4라운드 35순위,2026,삼성,1.93,45,0,0,4,0,0,14,1.0,177,42,32,2,22,1,33,12,9,2026-07-20,True,True,174,79,126
50556,https://www.koreabaseball.com/Record/Player/PitcherDetail/Basic.aspx?playerId=50556,최준용,25,2001-10-10,P,R/R,185cm/85kg,부산수영초-대천중-경남고,20 롯데 1차,2026,롯데,3.69,38,0,0,4,3,14,3,0.571,171,39,37,4,19,2,37,19,16,2026-07-20,True,True,185,85,117
50596,https://www.koreabaseball.com/Record/Player/PitcherDetail/Basic.aspx?playerId=50596,홍민기,25,2001-07-20,P,L/L,185cm/85kg,법동초-한밭중-대전고,20 롯데 2차 1라운드 4순위,2026,롯데,4.76,13,0,0,0,1,0,2,0.0,35,5 2/3,10,0,6,4,8,3,3,2026-07-20,True,True,185,85,17
50641,https://www.koreabaseball.com/Record/Player/PitcherDetail/Basic.aspx?playerId=50641,장재혁,25,2001-08-02,P,R/R,180cm/86kg,부산금강초(부산동래구리틀)-대신중-경남고,20 KIA 2차 6라운드 56순위,2026,KIA,4.5,4,0,0,0,0,0,0,,29,6,6,0,5,0,5,3,3,2026-07-20,True,True,180,86,18
50650,https://www.koreabaseball.com/Record/Player/PitcherDetail/Basic.aspx?playerId=50650,최용준,25,2001-12-19,P,R/R,192cm/105kg,양산신양초(양산시리틀)-경남중-부산공고-KIA-KT,20 KIA 2차 10라운드 96순위,2026,SSG,5.73,10,0,0,0,0,0,0,,54,11,12,2,8,2,8,7,7,2026-07-20,True,True,192,105,33
50662,https://www.koreabaseball.com/Record/Player/PitcherDetail/Basic.aspx?playerId=50662,정해영,25,2001-08-23,P,R/R,189cm/98kg,광주대성초-광주동성중-광주제일고,20 KIA 1차,2026,KIA,5.87,33,0,0,2,1,2,8,0.667,137,30 2/3,35,4,11,1,24,25,20,2026-07-20,True,True,189,98,92
50705,https://www.koreabaseball.com/Record/Player/PitcherDetail/Basic.aspx?playerId=50705,강재민,29,1997-04-03,P,R/R,180cm/89kg,양덕초-마산중-용마고-단국대,20 한화 2차 4라운드 38순위,2026,한화,6.48,11,0,0,0,0,0,0,,45,8 1/3,10,0,7,4,5,6,6,2026-07-20,True,True,180,89,25
50710,https://www.koreabaseball.com/Record/Player/PitcherDetail/Basic.aspx?playerId=50710,김범준,26,2000-09-30,P,R/R,175cm/79kg,서울도곡초-글로벌선진중-충암고,20 한화 2차 9라운드 88순위,2026,한화,13.5,1,0,0,0,0,0,0,,4,2/3,2,0,0,0,0,1,1,2026-07-20,True,False,175,79,2
50726,https://www.koreabaseball.com/Record/Player/PitcherDetail/Basic.aspx?playerId=50726,한승주,25,2001-03-17,P,R/R,183cm/85kg,부산수영초-대천중-부산고-한화-상무,20 한화 2차 2라운드 18순위,2026,KT,16.88,4,0,0,0,0,0,1,,18,2 2/3,7,1,2,0,3,6,5,2026-07-20,True,True,183,85,8
50812,https://www.koreabaseball.com/Record/Player/PitcherDetail/Basic.aspx?playerId=50812,박시후,25,2001-05-10,P,L/L,182cm/88kg,상인천초-상인천중-인천고-SK,20 SK 2차 10라운드 100순위,2026,SSG,4.89,29,0,0,0,1,0,1,0.0,158,35,36,5,16,3,30,24,19,2026-07-20,True,True,182,88,105
50859,https://www.koreabaseball.com/Record/Player/PitcherDetail/Basic.aspx?playerId=50859,오원석,25,2001-04-23,P,L/L,182cm/80kg,수진초-매송중-야탑고-SK-SSG,20 SK 1차,2026,KT,6.11,15,0,0,4,6,0,0,0.4,326,73 2/3,93,8,21,1,70,53,50,2026-07-20,True,True,182,80,221
50904,https://www.koreabaseball.com/Record/Player/PitcherDetail/Basic.aspx?playerId=50904,이종준,25,2001-03-09,P,R/R,191cm/93kg,군산중앙초-군산남중-군산상고,20 NC 2차 9라운드 81순위,2026,LG,3.0,2,0,0,0,0,0,0,,11,3,1,0,0,1,3,1,1,2026-07-20,True,True,191,93,9
50992,https://www.koreabaseball.com/Record/Player/PitcherDetail/Basic.aspx?playerId=50992,김태경,25,2001-04-07,P,R/R,188cm/95kg,김해삼성초-내동중-용마고-NC-상무,20 NC 1차,2026,NC,5.03,13,0,0,0,1,0,0,0.0,150,34,32,4,20,2,27,19,19,2026-07-20,True,True,188,95,102
51058,https://www.koreabaseball.com/Record/Player/PitcherDetail/Basic.aspx?playerId=51058,한차현,28,1998-11-30,P,R/R,180cm/80kg,사능초(남양주리틀)-청원중-포항제철고-성균관대,21 KT 2차 2라운드 15순위,2026,KT,10.8,2,0,0,0,1,0,0,0.0,35,6 2/3,15,3,2,0,6,9,8,2026-07-20,True,True,180,80,20
51111,https://www.koreabaseball.com/Record/Player/PitcherDetail/Basic.aspx?playerId=51111,송승기,24,2002-04-10,P,L/L,181cm/90kg,삼일초-매향중-야탑고-LG-상무,21 LG 2차 9라운드 87순위,2026,LG,4.83,12,0,0,3,2,0,0,0.6,244,54,66,7,17,0,41,32,29,2026-07-20,True,True,181,90,162
51154,https://www.koreabaseball.com/Record/Player/PitcherDetail/Basic.aspx?playerId=51154,김진수,28,1998-08-31,P,R/R,179cm/82kg,이세초-군산중-군산상고-중앙대,21 LG 2차 2라운드 17순위,2026,LG,3.72,34,0,0,3,3,1,6,0.5,168,38 2/3,42,5,11,1,24,18,16,2026-07-20,True,True,179,82,116
51163,https://www.koreabaseball.com/Record/Player/PitcherDetail/Basic.aspx?playerId=51163,조건희,24,2002-03-26,P,L/L,184cm/84kg,계상초(노원구리틀)-상명중-서울고,21 LG 2차 3라운드 27순위,2026,LG,9.0,2,0,0,0,0,0,0,,12,2,4,1,2,0,1,2,2,2026-07-20,True,False,184,84,6
51230,https://www.koreabaseball.com/Record/Player/PitcherDetail/Basic.aspx?playerId=51230,김동주,24,2002-02-14,P,R/R,190cm/90kg,갈산초-양천중-선린인터넷고-두산-상무,21 두산 2차 1라운드 10순위,2026,두산,5.25,12,0,0,0,0,0,0,,50,12,10,3,6,0,14,7,7,2026-07-20,True,True,190,90,36
51264,https://www.koreabaseball.com/Record/Player/PitcherDetail/Basic.aspx?playerId=51264,최승용,25,2001-05-11,P,L/L,190cm/87kg,양오초-모가중-소래고,21 두산 2차 2라운드 20순위,2026,두산,5.35,16,0,0,3,7,0,0,0.3,357,79,90,8,29,4,52,51,47,2026-07-20,True,True,190,87,237
51301,https://www.koreabaseball.com/Record/Player/PitcherDetail/Basic.aspx?playerId=51301,김성진,29,1997-11-14,P,L/R,183cm/77kg,율하초-포항제철중-부산정보고-계명대,21 키움 2차 3라운드 29순위,2026,키움,5.74,32,0,0,1,2,0,8,0.333,144,31 1/3,42,2,12,2,23,22,20,2026-07-20,True,True,183,77,94
51454,https://www.koreabaseball.com/Record/Player/PitcherDetail/Basic.aspx?playerId=51454,이승현,24,2002-05-19,P,L/L,183cm/102kg,남도초-경복중-대구상원고,21 삼성 1차,2026,삼성,11.85,5,0,0,0,2,0,0,0.0,73,13 2/3,21,3,12,1,8,18,18,2026-07-20,True,True,183,102,41
51460,https://www.koreabaseball.com/Record/Player/PitcherDetail/Basic.aspx?playerId=51460,이재희,25,2001-10-11,P,L/R,187cm/88kg,대전신흥초-한밭중-대전고-삼성-상무,21 삼성 2차 1라운드 3순위,2026,삼성,3.6,14,0,0,0,0,1,3,,51,10,9,1,10,4,9,5,4,2026-07-20,True,True,187,88,30
51516,https://www.koreabaseball.com/Record/Player/PitcherDetail/Basic.aspx?playerId=51516,김진욱,24,2002-07-05,P,L/L,185cm/90kg,수원신곡초-춘천중-강릉고,21 롯데 2차 1라운드 1순위,2026,롯데,3.07,17,0,0,5,4,0,0,0.556,424,99 2/3,90,12,30,5,81,45,34,2026-07-20,True,True,185,90,299
51526,https://www.koreabaseball.com/Record/Player/PitcherDetail/Basic.aspx?playerId=51526,우강훈,24,2002-10-03,P,R/R,183cm/88kg,희망대초-매송중-야탑고-롯데,21 롯데 2차 5라운드 41순위,2026,LG,3.65,42,0,0,0,1,0,15,0.0,154,37,29,3,12,3,36,19,15,2026-07-20,True,True,183,88,111
51586,https://www.koreabaseball.com/Record/Player/PitcherDetail/Basic.aspx?playerId=51586,김창훈,25,2001-11-09,P,R/R,185cm/98kg,사파초-창원신월중-경남고,21 롯데 2차 3라운드 21순위,2026,롯데,9.0,1,0,0,0,0,0,0,,6,1,3,0,0,0,1,1,1,2026-07-20,True,True,185,98,3
51648,https://www.koreabaseball.com/Record/Player/PitcherDetail/Basic.aspx?playerId=51648,이의리,24,2002-06-16,P,L/L,185cm/90kg,광주수창초-충장중-광주제일고,21 KIA 1차,2026,KIA,8.54,13,0,0,2,6,0,0,0.25,191,39,43,8,33,2,42,37,37,2026-07-20,True,True,185,90,117
51702,https://www.koreabaseball.com/Record/Player/PitcherDetail/Basic.aspx?playerId=51702,이준기,24,2002-05-19,P,R/R,180cm/86kg,사당초-영남중-경기상고,21 한화 2차 7라운드 62순위,2026,SSG,6.0,2,0,0,0,0,0,0,,15,3,4,0,2,0,1,2,2,2026-07-20,True,False,180,86,9
51761,https://www.koreabaseball.com/Record/Player/PitcherDetail/Basic.aspx?playerId=51761,배동현,28,1998-03-16,P,L/R,183cm/85kg,판곡초(양평리틀)-언북중-경기고-한일장신대-한화-상무-한화,21 한화 2차 5라운드 42순위,2026,키움,5.33,17,0,0,4,7,0,0,0.364,340,74 1/3,97,7,20,2,61,48,44,2026-07-20,True,True,183,85,223
51867,https://www.koreabaseball.com/Record/Player/PitcherDetail/Basic.aspx?playerId=51867,김건우,24,2002-07-12,P,L/L,186cm/88kg,가현초(인천서구리틀)-동산중-제물포고-SK-SSG-상무,21 SK 1차,2026,SSG,6.7,18,0,0,6,7,0,0,0.462,398,84 2/3,100,13,48,7,65,67,63,2026-07-20,True,True,186,88,254
51895,https://www.koreabaseball.com/Record/Player/PitcherDetail/Basic.aspx?playerId=51895,장지훈,28,1998-12-06,P,R/R,177cm/78kg,김해삼성초-내동중-김해고-동의대-SK-SSG-상무,21 SK 2차 4라운드 38순위,2026,SSG,8.31,12,0,0,0,0,0,0,,80,17 1/3,21,3,6,2,9,16,16,2026-07-20,True,True,177,78,52
51897,https://www.koreabaseball.com/Record/Player/PitcherDetail/Basic.aspx?playerId=51897,조병현,24,2002-05-08,P,R/R,182cm/90kg,온양온천초-온양중-세광고-SK-SSG-상무,21 SK 2차 3라운드 28순위,2026,SSG,3.03,33,0,0,2,4,10,0,0.333,146,32 2/3,24,3,21,3,41,14,11,2026-07-20,True,True,182,90,98
51948,https://www.koreabaseball.com/Record/Player/PitcherDetail/Basic.aspx?playerId=51948,이용준,24,2002-05-08,P,R/R,180cm/95kg,중대초-양천중-서울디자인고-상무,21 NC 2차 2라운드 16순위,2026,NC,0.0,4,0,0,0,1,0,0,0.0,14,4,2,0,0,0,2,1,0,2026-07-20,True,True,180,95,12
51994,https://www.koreabaseball.com/Record/Player/PitcherDetail/Basic.aspx?playerId=51994,한재승,25,2001-11-21,P,R/R,180cm/90kg,동막초-상인천중-인천고-NC,21 NC 2차 4라운드 36순위,2026,KIA,3.71,37,0,0,1,0,0,1,1.0,146,34,27,4,19,3,22,14,14,2026-07-20,True,True,180,90,102
52043,https://www.koreabaseball.com/Record/Player/PitcherDetail/Basic.aspx?playerId=52043,벤자민,33,1993-07-26,P,L/L,188cm/95kg,미국 Kansas(대)-KT,22 KT 자유선발,2026,두산,2.71,14,0,0,4,7,0,0,0.364,332,79 2/3,78,3,21,1,75,28,24,2026-07-20,True,True,188,95,239
52060,https://www.koreabaseball.com/Record/Player/PitcherDetail/Basic.aspx?playerId=52060,박영현,23,2003-10-11,P,R/R,183cm/91kg,부천북초-부천중-유신고,22 KT 1차,2026,KT,2.68,36,0,0,6,0,18,0,1.0,172,40 1/3,32,4,20,0,41,12,12,2026-07-20,True,True,183,91,121
52149,https://www.koreabaseball.com/Record/Player/PitcherDetail/Basic.aspx?playerId=52149,조원태,23,2003-05-10,P,L/L,186cm/92kg,토성초(강동구리틀)-건대부중-선린인터넷고,22 LG 1차,2026,LG,9.0,1,0,0,0,0,0,0,,6,1,1,0,1,1,1,1,1,2026-07-20,True,True,186,92,3
52202,https://www.koreabaseball.com/Record/Player/PitcherDetail/Basic.aspx?playerId=52202,윤태호,23,2003-10-10,P,R/R,190cm/88kg,상인천초-동인천중-인천고,22 두산 2차 5라운드 49순위,2026,두산,1.74,12,0,0,1,0,1,1,1.0,44,10 1/3,8,0,6,0,9,2,2,2026-07-20,True,True,190,88,31
52204,https://www.koreabaseball.com/Record/Player/PitcherDetail/Basic.aspx?playerId=52204,이병헌,23,2003-06-04,P,L/L,183cm/95kg,역삼초-영동중-서울고,22 두산 1차,2026,두산,4.94,42,0,0,1,1,0,7,0.5,152,31,41,2,15,2,25,25,17,2026-07-20,True,True,183,95,93
52206,https://www.koreabaseball.com/Record/Player/PitcherDetail/Basic.aspx?playerId=52206,최지강,25,2001-07-23,P,L/R,180cm/88kg,광주서석초-광주동성중-광주동성고-강릉영동대,22 두산 육성선수,2026,두산,9.45,16,0,0,0,0,0,0,,70,13 1/3,21,0,7,3,13,17,14,2026-07-20,True,True,180,88,40
52395,https://www.koreabaseball.com/Record/Player/PitcherDetail/Basic.aspx?playerId=52395,윤석원,23,2003-07-04,P,L/L,185cm/81kg,부산대연초-개성중-부산고,22 키움 2차 4라운드 36순위,2026,키움,9.0,7,0,0,0,0,0,0,,31,7,10,1,2,0,5,7,7,2026-07-20,True,True,185,81,21
52530,https://www.koreabaseball.com/Record/Player/PitcherDetail/Basic.aspx?playerId=52530,이민석,23,2003-12-10,P,R/R,189cm/95kg,부산수영초-대천중-개성고,22 롯데 1차,2026,롯데,5.88,14,0,0,1,2,0,0,0.333,186,41 1/3,46,2,21,2,30,28,27,2026-07-20,True,True,189,95,124
52639,https://www.koreabaseball.com/Record/Player/PitcherDetail/Basic.aspx?playerId=52639,최지민,23,2003-09-10,P,L/L,185cm/100kg,강릉율곡초(강릉리틀)-경포중-강릉고,22 KIA 2차 1라운드 5순위,2026,KIA,6.1,35,0,0,0,0,0,2,,147,31,43,5,9,4,26,21,21,2026-07-20,True,True,185,100,93
52641,https://www.koreabaseball.com/Record/Player/PitcherDetail/Basic.aspx?playerId=52641,황동하,24,2002-07-30,P,R/R,183cm/96kg,진북초-전라중-인상고,22 KIA 2차 7라운드 65순위,2026,KIA,4.37,18,0,0,6,3,0,1,0.667,293,68,67,12,27,3,50,38,33,2026-07-20,True,True,183,96,204
52701,https://www.koreabaseball.com/Record/Player/PitcherDetail/Basic.aspx?playerId=52701,문동주,23,2003-12-23,P,R/R,188cm/97kg,광주화정초-무등중-진흥고,22 한화 1차,2026,한화,5.18,6,0,0,1,1,0,0,0.5,110,24 1/3,27,3,11,3,18,16,14,2026-07-20,True,True,188,97,73
52731,https://www.koreabaseball.com/Record/Player/PitcherDetail/Basic.aspx?playerId=52731,박준영,23,2003-03-02,P,R/R,190cm/103kg,청주우암초(청주시리틀)-세광중-세광고,22 한화 2차 1라운드 1순위,2026,한화,3.96,29,0,0,1,0,0,0,1.0,166,38 2/3,33,4,25,4,32,18,17,2026-07-20,True,True,190,103,116
52809,https://www.koreabaseball.com/Record/Player/PitcherDetail/Basic.aspx?playerId=52809,전영준,24,2002-04-16,P,R/R,190cm/100kg,부곡초-휘문중-대구고-SSG-상무,22 SSG 2차 9라운드 82순위,2026,SSG,7.42,33,0,0,1,2,1,0,0.333,143,30 1/3,29,7,21,4,36,27,25,2026-07-20,True,True,190,100,91
52844,https://www.koreabaseball.com/Record/Player/PitcherDetail/Basic.aspx?playerId=52844,김도현,23,2003-05-24,P,R/R,179cm/89kg,삼송초-연세중-백송고,22 SSG 2차 2라운드 12순위,2026,SSG,7.71,6,0,0,0,0,0,0,,37,7,7,1,10,0,5,6,6,2026-07-20,True,False,179,89,21
52868,https://www.koreabaseball.com/Record/Player/PitcherDetail/Basic.aspx?playerId=52868,이기순,23,2003-05-14,P,L/L,174cm/74kg,서흥초-인천신흥중-동산고-SSG-상무,22 SSG 2차 5라운드 42순위,2026,SSG,8.38,9,0,0,1,1,0,0,0.5,58,9 2/3,14,0,13,3,8,9,9,2026-07-20,True,True,174,74,29
52902,https://www.koreabaseball.com/Record/Player/PitcherDetail/Basic.aspx?playerId=52902,임지민,23,2003-10-11,P,R/R,185cm/82kg,가평목동초(가평리틀)-춘천중-강원고,22 NC 2차 5라운드 50순위,2026,NC,4.83,43,0,0,3,4,3,9,0.429,176,41,34,7,20,2,50,24,22,2026-07-20,True,True,185,82,123
52992,https://www.koreabaseball.com/Record/Player/PitcherDetail/Basic.aspx?playerId=52992,이준혁,23,2003-06-30,P,R/R,184cm/87kg,용인포곡초(처인구리틀)-성일중-율곡고-NC,22 NC 2차 1라운드 10순위,2026,NC,3.0,19,0,0,0,0,0,1,,90,18,18,0,13,4,14,10,6,2026-07-20,True,True,184,87,54
53029,https://www.koreabaseball.com/Record/Player/PitcherDetail/Basic.aspx?playerId=53029,김정운,22,2004-04-21,P,R/R,184cm/84kg,동천초-경주중-대구고-KT-상무,23 KT 1라운드 10순위,2026,KT,6.0,5,0,0,0,0,0,0,,31,6,8,2,5,1,4,4,4,2026-07-20,True,True,184,84,18
53164,https://www.koreabaseball.com/Record/Player/PitcherDetail/Basic.aspx?playerId=53164,김동규,22,2004-07-09,P,R/R,194cm/100kg,서울청구초-영남중-성남고-LG,23 LG 2라운드 17순위,2026,키움,21.0,5,0,0,0,0,0,0,,21,3,5,0,6,1,4,7,7,2026-07-20,True,True,194,100,9
53259,https://www.koreabaseball.com/Record/Player/PitcherDetail/Basic.aspx?playerId=53259,최준호,22,2004-06-03,P,R/R,188cm/90kg,온양온천초-온양중-북일고,23 두산 1라운드 9순위,2026,두산,4.3,16,0,0,4,1,0,0,0.8,104,23,20,4,12,1,25,15,11,2026-07-20,True,True,188,90,69
53301,https://www.koreabaseball.com/Record/Player/PitcherDetail/Basic.aspx?playerId=53301,박윤성,22,2004-02-08,P,R/R,183cm/96kg,부산수영초-개성중-경남고,23 키움 3라운드 26순위,2026,키움,7.71,4,0,0,0,1,0,1,0.0,10,2 1/3,2,0,2,0,1,2,2,2026-07-20,True,True,183,96,7
53375,https://www.koreabaseball.com/Record/Player/PitcherDetail/Basic.aspx?playerId=53375,후라도,30,1996-01-30,P,R/R,188cm/109kg,파나마 San Judas Tadeo(고)-키움,23 키움 자유선발,2026,삼성,3.11,17,0,0,5,1,0,0,0.833,454,107,112,10,22,4,69,45,37,2026-07-20,True,True,188,109,321
53540,https://www.koreabaseball.com/Record/Player/PitcherDetail/Basic.aspx?playerId=53540,김기준,22,2004-04-16,P,R/R,188cm/90kg,대해초-대구중-경북고,23 롯데 4라운드 33순위,2026,롯데,0.0,3,0,0,0,0,0,0,,10,3,2,0,0,0,2,0,0,2026-07-20,True,False,188,90,9
53562,https://www.koreabaseball.com/Record/Player/PitcherDetail/Basic.aspx?playerId=53562,이진하,22,2004-06-02,P,R/R,191cm/96kg,백송초(일산리틀)-영남중-장충고-롯데-상무,23 롯데 2라운드 13순위,2026,롯데,3.0,8,0,0,1,0,0,0,1.0,36,9,8,0,2,1,5,3,3,2026-07-20,True,True,191,96,27
53609,https://www.koreabaseball.com/Record/Player/PitcherDetail/Basic.aspx?playerId=53609,곽도규,22,2004-04-12,P,L/L,185cm/90kg,도척초-공주중-공주고,23 KIA 5라운드 42순위,2026,KIA,1.65,22,0,0,1,0,0,6,1.0,69,16 1/3,12,0,6,3,16,3,3,2026-07-20,True,True,185,90,49
53706,https://www.koreabaseball.com/Record/Player/PitcherDetail/Basic.aspx?playerId=53706,박재규,23,2003-07-03,P,R/R,181cm/83kg,울산대현초-신정중-개성고,23 한화 9라운드 81순위,2026,한화,9.0,2,0,0,0,0,0,0,,5,1,1,0,1,0,0,1,1,2026-07-20,True,False,181,83,3
53754,https://www.koreabaseball.com/Record/Player/PitcherDetail/Basic.aspx?playerId=53754,김서현,22,2004-05-31,P,R/R,188cm/86kg,효제초-자양중-서울고,23 한화 1라운드 1순위,2026,한화,12.38,12,0,0,1,2,1,0,0.333,52,8,9,1,15,4,5,12,11,2026-07-20,True,True,188,86,24
53892,https://www.koreabaseball.com/Record/Player/PitcherDetail/Basic.aspx?playerId=53892,이로운,22,2004-09-11,P,R/R,185cm/105kg,본리초-경복중-대구고,23 SSG 1라운드 5순위,2026,SSG,6.21,40,0,0,5,3,0,7,0.625,168,37 2/3,35,6,22,0,36,26,26,2026-07-20,True,True,185,105,113
53919,https://www.koreabaseball.com/Record/Player/PitcherDetail/Basic.aspx?playerId=53919,신영우,22,2004-04-21,P,R/R,182cm/84kg,센텀초-센텀중-경남고,23 NC 1라운드 4순위,2026,NC,3.12,14,0,0,1,1,0,3,0.5,79,17 1/3,6,1,21,2,26,7,6,2026-07-20,True,True,182,84,52
53973,https://www.koreabaseball.com/Record/Player/PitcherDetail/Basic.aspx?playerId=53973,목지훈,22,2004-05-11,P,R/R,181cm/83kg,효제초-청량중-신일고,23 NC 4라운드 34순위,2026,NC,8.64,5,0,0,0,1,0,0,0.0,44,8 1/3,12,3,8,1,6,9,8,2026-07-20,True,True,181,83,25
54263,https://www.koreabaseball.com/Record/Player/PitcherDetail/Basic.aspx?playerId=54263,김택연,21,2005-06-03,P,R/R,181cm/88kg,동막초-상인천중-인천고,24 두산 1라운드 2순위,2026,두산,3.2,23,0,0,0,2,3,6,0.0,111,25 1/3,19,4,15,0,30,9,9,2026-07-20,True,True,181,88,76
54319,https://www.koreabaseball.com/Record/Player/PitcherDetail/Basic.aspx?playerId=54319,김윤하,21,2005-03-07,P,R/R,185cm/90kg,와부초(남양주리틀)-덕수중-장충고,24 키움 1라운드 9순위,2026,키움,6.75,6,0,0,0,1,0,0,0.0,57,12,14,3,4,0,10,12,9,2026-07-20,True,True,185,90,36
54362,https://www.koreabaseball.com/Record/Player/PitcherDetail/Basic.aspx?playerId=54362,전준표,21,2005-05-07,P,R/R,186cm/90kg,잠일초(강동구리틀)-잠신중-서울고,24 키움 1라운드 8순위,2026,키움,9.35,10,0,0,0,1,0,0,0.0,51,8 2/3,10,1,12,3,8,9,9,2026-07-20,True,True,186,90,26
54368,https://www.koreabaseball.com/Record/Player/PitcherDetail/Basic.aspx?playerId=54368,김연주,22,2004-02-27,P,R/R,175cm/75kg,대전신흥초-충남중-세광고,24 키움 3라운드 29순위,2026,키움,16.2,2,0,0,0,1,0,0,0.0,21,3 1/3,5,0,4,1,3,7,6,2026-07-20,True,True,175,75,10
54404,https://www.koreabaseball.com/Record/Player/PitcherDetail/Basic.aspx?playerId=54404,육선엽,21,2005-07-13,P,R/R,190cm/90kg,백마초-서울신월중-장충고,24 삼성 1라운드 4순위,2026,삼성,11.57,2,0,0,0,0,0,0,,13,2 1/3,2,1,3,1,3,3,3,2026-07-20,True,True,190,90,7
54503,https://www.koreabaseball.com/Record/Player/PitcherDetail/Basic.aspx?playerId=54503,박준우,21,2005-05-27,P,R/R,190cm/94kg,상동초(부천시리틀)-부천중-유신고,24 롯데 4라운드 33순위,2026,롯데,5.06,13,0,0,0,0,0,0,,75,16,22,2,6,2,10,13,9,2026-07-20,True,True,190,94,48
54537,https://www.koreabaseball.com/Record/Player/PitcherDetail/Basic.aspx?playerId=54537,정현수,25,2001-05-10,P,L/L,180cm/84kg,부산대연초-부산중-부산고-송원대,24 롯데 2라운드 13순위,2026,롯데,5.4,11,0,0,0,1,0,0,0.0,26,5,8,1,3,0,4,3,3,2026-07-20,True,True,180,84,15
54610,https://www.koreabaseball.com/Record/Player/PitcherDetail/Basic.aspx?playerId=54610,성영탁,22,2004-07-28,P,R/R,180cm/89kg,동주초(부산서구리틀)-개성중-부산고,24 KIA 10라운드 96순위,2026,KIA,3.31,33,0,0,2,1,12,3,0.667,155,35 1/3,38,2,12,0,29,17,13,2026-07-20,True,True,180,89,106
54640,https://www.koreabaseball.com/Record/Player/PitcherDetail/Basic.aspx?playerId=54640,네일,33,1993-02-08,P,R/R,193cm/83kg,미국 Alabama at Birmingham(대),24 KIA 자유선발,2026,KIA,3.69,19,0,0,6,5,0,0,0.545,455,109 2/3,101,6,23,11,87,45,45,2026-07-20,True,True,193,83,329
54702,https://www.koreabaseball.com/Record/Player/PitcherDetail/Basic.aspx?playerId=54702,원종혁,21,2005-08-27,P,R/R,184cm/92kg,서울도곡초-휘문중-구리인창고,24 한화 9라운드 81순위,2026,한화,9.45,10,0,0,1,0,0,0,1.0,44,6 2/3,14,1,8,1,3,10,7,2026-07-20,True,True,184,92,20
54705,https://www.koreabaseball.com/Record/Player/PitcherDetail/Basic.aspx?playerId=54705,김도빈,25,2001-01-05,P,R/R,190cm/95kg,서화초-경기신흥중-성지고-강릉영동대,24 한화 육성선수,2026,한화,24.75,6,0,0,0,1,0,1,0.0,27,4,3,0,10,2,6,11,11,2026-07-20,True,True,190,95,12
54729,https://www.koreabaseball.com/Record/Player/PitcherDetail/Basic.aspx?playerId=54729,황준서,21,2005-08-22,P,L/L,185cm/78kg,면일초(중랑구리틀)-상명중-장충고,24 한화 1라운드 1순위,2026,한화,5.04,15,0,0,1,2,0,0,0.333,117,25,26,2,18,1,24,15,14,2026-07-20,True,True,185,78,75
54768,https://www.koreabaseball.com/Record/Player/PitcherDetail/Basic.aspx?playerId=54768,조동욱,22,2004-11-02,P,L/L,190cm/82kg,소래초-영남중-장충고,24 한화 2라운드 11순위,2026,한화,3.47,45,0,0,1,1,1,9,0.5,157,36 1/3,41,1,11,3,36,14,14,2026-07-20,True,True,190,82,109
54808,https://www.koreabaseball.com/Record/Player/PitcherDetail/Basic.aspx?playerId=54808,변건우,21,2005-07-15,P,R/R,181cm/80kg,화도초(남양주시B리틀)-충암중-충암고,24 SSG 11라운드 110순위,2026,SSG,18.0,1,0,0,0,0,0,0,,6,1,1,0,2,0,1,2,2,2026-07-20,True,False,181,80,3
54843,https://www.koreabaseball.com/Record/Player/PitcherDetail/Basic.aspx?playerId=54843,시라카와,25,2001-06-04,P,R/R,180cm/88kg,일본 이케타고-SSG-두산,24 SSG 부상 대체 외국인선수,2026,KIA,5.17,7,0,0,2,3,0,0,0.4,142,31 1/3,29,3,20,1,25,18,18,2026-07-20,True,True,180,88,94
54903,https://www.koreabaseball.com/Record/Player/PitcherDetail/Basic.aspx?playerId=54903,최우석,21,2005-03-31,P,R/R,190cm/90kg,서흥초-동인천중-비봉고,24 NC 5라운드 45순위,2026,NC,3.18,6,0,0,0,0,0,0,,28,5 2/3,7,0,5,0,4,2,2,2026-07-20,True,True,190,90,17
54904,https://www.koreabaseball.com/Record/Player/PitcherDetail/Basic.aspx?playerId=54904,손주환,24,2002-01-05,P,R/R,177cm/85kg,영천초-신정중-물금고-동아대,24 NC 6라운드 55순위,2026,NC,9.24,15,0,0,1,0,0,0,1.0,68,12 2/3,17,2,11,0,16,17,13,2026-07-20,True,True,177,85,38
54906,https://www.koreabaseball.com/Record/Player/PitcherDetail/Basic.aspx?playerId=54906,원종해,21,2005-04-09,P,R/R,183cm/83kg,길동초-건대부중-장충고,24 NC 7라운드 65순위,2026,NC,3.86,13,0,0,0,0,0,1,,54,11 2/3,10,1,4,4,7,6,5,2026-07-20,True,False,183,83,35
54910,https://www.koreabaseball.com/Record/Player/PitcherDetail/Basic.aspx?playerId=54910,김준원,21,2005-05-31,P,R/R,190cm/82kg,칠성초-대구중-경북고,24 NC 11라운드 105순위,2026,NC,5.06,9,0,0,0,1,0,0,0.0,50,10 2/3,8,2,8,2,13,8,6,2026-07-20,True,False,190,82,32
55121,https://www.koreabaseball.com/Record/Player/PitcherDetail/Basic.aspx?playerId=55121,박시원,20,2006-04-12,P,R/R,193cm/93kg,송수초(해운대리틀)-센텀중-경남고,25 LG 6라운드 60순위,2026,LG,4.24,15,0,0,0,1,0,0,0.0,78,17,19,0,8,2,12,10,8,2026-07-20,True,True,193,93,51
55130,https://www.koreabaseball.com/Record/Player/PitcherDetail/Basic.aspx?playerId=55130,톨허스트,27,1999-09-13,P,R/R,193cm/86kg,미국 Grossmont(대),25 LG 자유선발,2026,LG,4.21,18,0,0,8,8,0,0,0.5,424,98 1/3,98,9,27,8,78,47,46,2026-07-20,True,True,193,86,295
55146,https://www.koreabaseball.com/Record/Player/PitcherDetail/Basic.aspx?playerId=55146,치리노스,33,1993-12-26,P,R/R,188cm/102kg,베네수엘라 U.E.N heroes nigales(고)-LG,25 LG 자유선발,2026,LG,6.68,8,0,0,2,3,0,0,0.4,164,33 2/3,47,4,14,4,28,26,25,2026-07-20,True,True,188,102,101
55167,https://www.koreabaseball.com/Record/Player/PitcherDetail/Basic.aspx?playerId=55167,김영우,21,2005-01-14,P,R/R,185cm/90kg,양원초(서대문구리틀)-신월중-서울고,25 LG 1라운드 10순위,2026,LG,2.89,33,0,0,3,0,0,3,1.0,121,28,26,2,12,0,23,9,9,2026-07-20,True,True,185,90,84
55215,https://www.koreabaseball.com/Record/Player/PitcherDetail/Basic.aspx?playerId=55215,양재훈,23,2003-05-01,P,R/R,186cm/89kg,부산수영초-사직중-개성고-동의과학대,25 두산 7라운드 66순위,2026,두산,5.92,26,0,0,2,3,0,2,0.4,116,24 1/3,27,3,14,4,31,18,16,2026-07-20,True,True,186,89,73
55221,https://www.koreabaseball.com/Record/Player/PitcherDetail/Basic.aspx?playerId=55221,김한중,22,2004-11-03,P,R/R,183cm/89kg,고명초-덕수중-경기상고-여주대,25 두산 육성선수,2026,두산,0.0,2,0,0,0,0,0,0,,6,2,0,0,0,0,2,0,0,2026-07-20,True,True,183,89,6
55239,https://www.koreabaseball.com/Record/Player/PitcherDetail/Basic.aspx?playerId=55239,잭로그,30,1996-04-23,P,L/L,183cm/84kg,미국 Archbishop Moeller(고)-미국 Kentucky(대),25 두산 자유선발,2026,두산,4.06,18,0,0,4,5,0,0,0.444,421,95 1/3,113,10,18,6,80,50,43,2026-07-20,True,True,183,84,286
55267,https://www.koreabaseball.com/Record/Player/PitcherDetail/Basic.aspx?playerId=55267,홍민규,20,2006-09-11,P,L/R,183cm/87kg,서울논현초(용산구리틀)-대원중-야탑고,25 두산 3라운드 26순위,2026,KIA,8.35,15,0,0,1,2,0,0,0.333,89,18 1/3,27,2,7,0,16,17,17,2026-07-20,True,True,183,87,55
55268,https://www.koreabaseball.com/Record/Player/PitcherDetail/Basic.aspx?playerId=55268,최민석,20,2006-07-02,P,R/R,188cm/84kg,중대초-양천중-서울고,25 두산 2라운드 16순위,2026,두산,2.19,17,0,0,9,2,0,0,0.818,410,98 2/3,77,3,38,4,92,30,24,2026-07-20,True,True,188,84,296
55301,https://www.koreabaseball.com/Record/Player/PitcherDetail/Basic.aspx?playerId=55301,이준우,25,2001-03-02,P,R/R,183cm/93kg,문현초(해운대리틀)-센텀중-경남고,25 키움 육성선수,2026,키움,10.13,8,0,0,0,1,0,0,0.0,42,8,12,0,8,1,7,10,9,2026-07-20,True,True,183,93,24
55313,https://www.koreabaseball.com/Record/Player/PitcherDetail/Basic.aspx?playerId=55313,정현우,20,2006-04-13,P,L/L,181cm/91kg,홍제초(서대문구리틀)-충암중-덕수고,25 키움 1라운드 1순위,2026,키움,9.0,3,0,0,0,1,0,0,0.0,32,7,8,1,4,0,5,7,7,2026-07-20,True,True,181,91,21
55322,https://www.koreabaseball.com/Record/Player/PitcherDetail/Basic.aspx?playerId=55322,로젠버그,31,1995-07-09,P,L/L,186cm/90kg,미국 California State(대)-키움,25 키움 자유선발,2026,키움,4.8,7,0,0,0,2,0,0,0.0,137,30,37,2,10,3,32,16,16,2026-07-20,True,True,186,90,90
55348,https://www.koreabaseball.com/Record/Player/PitcherDetail/Basic.aspx?playerId=55348,웰스,29,1997-02-27,P,L/L,185cm/83kg,호주 Hunter Sports(고)-키움,25 키움 부상 대체 외국인선수,2026,LG,3.3,16,0,0,5,4,0,0,0.556,353,84 2/3,71,9,25,2,77,37,31,2026-07-20,True,True,185,83,254
55359,https://www.koreabaseball.com/Record/Player/PitcherDetail/Basic.aspx?playerId=55359,김서준,20,2006-12-22,P,L/R,187cm/83kg,고양화정초(일산서구리틀)-원당중-충훈고,25 키움 1라운드 7순위,2026,키움,6.23,16,0,0,0,0,0,2,,78,17 1/3,14,4,13,1,18,12,12,2026-07-20,True,True,187,83,52
55377,https://www.koreabaseball.com/Record/Player/PitcherDetail/Basic.aspx?playerId=55377,정세영,20,2006-09-23,P,L/L,177cm/82kg,서울학동초-언북중-경기상고,25 키움 8라운드 71순위,2026,키움,10.43,6,0,0,0,2,0,0,0.0,76,14 2/3,24,3,6,1,4,19,17,2026-07-20,True,True,177,82,44
55394,https://www.koreabaseball.com/Record/Player/PitcherDetail/Basic.aspx?playerId=55394,박정훈,20,2006-03-23,P,L/L,192cm/103kg,삼일초-매향중-비봉고,25 키움 3라운드 28순위,2026,키움,4.8,34,0,0,2,1,0,10,0.667,232,50 2/3,49,2,31,6,41,28,27,2026-07-20,True,True,192,103,152
55420,https://www.koreabaseball.com/Record/Player/PitcherDetail/Basic.aspx?playerId=55420,김백산,23,2003-10-13,P,R/R,183cm/86kg,남산초-원주중-강릉고-부산과학기술대,25 삼성 육성선수,2026,삼성,0.0,1,0,0,1,0,0,0,1.0,23,5 2/3,2,0,4,0,3,0,0,2026-07-20,True,False,183,86,17
55455,https://www.koreabaseball.com/Record/Player/PitcherDetail/Basic.aspx?playerId=55455,배찬승,20,2006-01-01,P,L/L,180cm/85kg,대구옥산초-협성경복중-대구고,25 삼성 1라운드 3순위,2026,삼성,2.54,37,0,0,3,2,0,9,0.6,136,28 1/3,26,5,26,4,23,9,8,2026-07-20,True,True,180,85,85
55503,https://www.koreabaseball.com/Record/Player/PitcherDetail/Basic.aspx?playerId=55503,이영재,20,2006-10-20,P,L/L,180cm/71kg,태봉초(의정부시유소년야구단)-신흥중-신흥고,25 롯데 7라운드 64순위,2026,롯데,0.0,1,0,0,0,0,0,0,,2,2/3,0,0,0,0,1,0,0,2026-07-20,True,True,180,71,2
55610,https://www.koreabaseball.com/Record/Player/PitcherDetail/Basic.aspx?playerId=55610,김태형,20,2006-12-15,P,R/R,184cm/95kg,화순초-거원중-덕수고,25 KIA 1라운드 5순위,2026,KIA,5.88,15,0,0,2,3,0,0,0.4,227,49,61,9,22,3,29,38,32,2026-07-20,True,True,184,95,147
55633,https://www.koreabaseball.com/Record/Player/PitcherDetail/Basic.aspx?playerId=55633,올러,32,1994-10-17,P,R/R,193cm/102kg,미국 Northwestern State(대),25 KIA 자유선발,2026,KIA,2.52,17,1,1,9,6,0,0,0.6,415,103 2/3,71,9,34,6,112,33,29,2026-07-20,True,True,193,102,311
55743,https://www.koreabaseball.com/Record/Player/PitcherDetail/Basic.aspx?playerId=55743,정우주,20,2006-11-07,P,R/R,184cm/88kg,구남초(남양주리틀)-건대부중-전주고,25 한화 1라운드 2순위,2026,한화,6.37,36,0,0,1,2,0,5,0.333,176,35 1/3,39,3,27,6,40,29,25,2026-07-20,True,True,184,88,106
55764,https://www.koreabaseball.com/Record/Player/PitcherDetail/Basic.aspx?playerId=55764,권민규,20,2006-05-13,P,L/L,188cm/90kg,청주석교초-세광중-세광고,25 한화 2라운드 12순위,2026,한화,4.82,9,0,0,1,0,0,0,1.0,43,9 1/3,13,1,4,0,7,5,5,2026-07-20,True,True,188,90,28
55855,https://www.koreabaseball.com/Record/Player/PitcherDetail/Basic.aspx?playerId=55855,화이트,32,1994-12-28,P,R/R,190cm/95kg,미국 Santa Clara(대)-SSG,25 SSG 자유선발,2026,SSG,4.11,6,0,0,1,1,0,0,0.5,142,30 2/3,37,1,15,2,29,15,14,2026-07-20,True,True,190,95,92
55903,https://www.koreabaseball.com/Record/Player/PitcherDetail/Basic.aspx?playerId=55903,라일리,30,1996-07-09,P,R/R,190cm/100kg,미국 Louisville(대),25 NC 자유선발,2026,NC,3.23,12,0,0,5,0,0,0,1.0,281,69 2/3,61,10,17,0,89,26,25,2026-07-20,True,True,190,100,209
55912,https://www.koreabaseball.com/Record/Player/PitcherDetail/Basic.aspx?playerId=55912,로건,29,1997-05-23,P,R/L,186cm/105kg,미국 IMG Academy(고)-NC,25 NC 자유선발,2026,KT,3.33,5,0,0,1,1,0,0,0.5,114,27,29,5,8,0,20,10,10,2026-07-20,True,True,186,105,81
55995,https://www.koreabaseball.com/Record/Player/PitcherDetail/Basic.aspx?playerId=55995,김태훈,20,2006-10-26,P,R/R,188cm/88kg,부평남초(부평구리틀)-동인천중-소래고,25 NC 2라운드 17순위,2026,NC,4.7,9,0,0,0,1,0,0,0.0,33,7 2/3,6,1,3,1,5,6,4,2026-07-20,True,True,188,88,23
55996,https://www.koreabaseball.com/Record/Player/PitcherDetail/Basic.aspx?playerId=55996,홍재문,22,2004-07-09,P,R/R,183cm/95kg,청주우암초-청주중-청주고-동의과학대,25 NC 4라운드 37순위,2026,NC,,1,0,0,0,0,0,0,,3,0,2,0,1,0,0,3,3,2026-07-20,True,False,183,95,0
56011,https://www.koreabaseball.com/Record/Player/PitcherDetail/Basic.aspx?playerId=56011,스기모토,26,2000-05-19,P,R/R,182cm/90kg,일본 오가키니혼대부고-일본 니혼대,26 KT 아시아쿼터,2026,KT,5.52,45,0,0,1,2,0,11,0.333,213,45 2/3,59,4,11,5,44,35,28,2026-07-20,True,False,182,90,137
56032,https://www.koreabaseball.com/Record/Player/PitcherDetail/Basic.aspx?playerId=56032,사우어,27,1999-01-21,P,R/R,193cm/104kg,미국 Righetti(고),26 KT 자유선발,2026,KT,4.3,17,0,0,7,4,0,0,0.636,432,98 1/3,92,8,40,13,68,49,47,2026-07-20,True,False,193,104,295
56036,https://www.koreabaseball.com/Record/Player/PitcherDetail/Basic.aspx?playerId=56036,보쉴리,33,1993-10-01,P,R/R,190cm/86kg,미국 Hortonville(고)-미국 Wisconsin(대)-KT,26 KT 자유선발,2026,KT,3.16,11,0,0,7,3,0,0,0.7,268,62 2/3,68,3,15,1,56,23,22,2026-07-20,True,False,190,86,188
56066,https://www.koreabaseball.com/Record/Player/PitcherDetail/Basic.aspx?playerId=56066,박지훈,19,2007-01-19,P,R/R,188cm/90kg,천안남산초-개군중-전주고,26 KT 1라운드 6순위,2026,KT,81.0,1,0,0,0,0,0,0,,8,2/3,2,1,2,2,2,6,6,2026-07-20,True,False,188,90,2
56146,https://www.koreabaseball.com/Record/Player/PitcherDetail/Basic.aspx?playerId=56146,리오스,33,1993-06-27,P,R/R,190cm/97kg,푸에르토리코 Cuevas(고),26 LG 자유선발,2026,LG,3.63,14,0,0,1,2,2,5,0.333,74,17 1/3,16,2,7,0,17,7,7,2026-07-20,True,False,190,97,52
56212,https://www.koreabaseball.com/Record/Player/PitcherDetail/Basic.aspx?playerId=56212,타카다,24,2002-09-18,P,L/L,179cm/84kg,일본 시즈오카상업고,26 두산 아시아쿼터,2026,두산,7.02,5,0,0,1,1,0,0,0.5,82,16 2/3,20,2,11,4,12,13,13,2026-07-20,True,False,179,84,50
56215,https://www.koreabaseball.com/Record/Player/PitcherDetail/Basic.aspx?playerId=56215,최주형,20,2006-08-19,P,L/L,174cm/70kg,거제고현초(거제시리틀)-외포중-마산고,26 두산 2라운드 17순위,2026,두산,0.0,8,0,0,0,0,0,0,,31,7,4,0,7,0,8,0,0,2026-07-20,True,False,174,70,21
56218,https://www.koreabaseball.com/Record/Player/PitcherDetail/Basic.aspx?playerId=56218,타무라,32,1994-09-19,P,L/R,173cm/79kg,일본 릿쿄대-두산,26 두산 아시아쿼터,2026,두산,7.31,17,0,0,1,1,0,2,0.5,81,16,28,3,5,1,14,13,13,2026-07-20,True,False,173,79,48
56312,https://www.koreabaseball.com/Record/Player/PitcherDetail/Basic.aspx?playerId=56312,최현우,19,2007-07-19,P,R/R,190cm/90kg,서정초(일산자이언츠유소년)-양천중-배명고,26 키움 6라운드 51순위,2026,키움,18.0,1,0,0,0,0,0,0,,5,1,2,1,0,0,0,2,2,2026-07-20,True,False,190,90,3
56318,https://www.koreabaseball.com/Record/Player/PitcherDetail/Basic.aspx?playerId=56318,박준현,19,2007-08-29,P,R/R,188cm/95kg,율하초-경상중-북일고,26 키움 1라운드 1순위,2026,키움,4.18,11,0,0,1,4,0,0,0.2,234,51 2/3,44,3,42,1,50,25,24,2026-07-20,True,False,188,95,155
56334,https://www.koreabaseball.com/Record/Player/PitcherDetail/Basic.aspx?playerId=56334,와일스,28,1998-07-02,P,R/R,193cm/103kg,미국 Oklahoma(대)-키움,26 키움 자유선발,2026,키움,5.4,5,0,0,0,4,0,0,0.0,117,25,37,3,3,1,18,17,15,2026-07-20,True,False,193,103,75
56337,https://www.koreabaseball.com/Record/Player/PitcherDetail/Basic.aspx?playerId=56337,박지성,19,2007-03-16,P,R/R,190cm/93kg,서울도곡초-대치중-서울고,26 키움 3라운드 21순위,2026,키움,4.5,21,0,0,1,1,0,0,0.5,123,28,30,6,10,0,24,17,14,2026-07-20,True,False,190,93,84
56345,https://www.koreabaseball.com/Record/Player/PitcherDetail/Basic.aspx?playerId=56345,정다훈,20,2006-07-06,P,R/R,183cm/85kg,백운초-현도중-청주고,26 키움 4라운드 31순위,2026,키움,4.73,14,0,0,0,0,0,0,,65,13 1/3,16,2,10,1,5,7,7,2026-07-20,True,False,183,85,40
56348,https://www.koreabaseball.com/Record/Player/PitcherDetail/Basic.aspx?playerId=56348,유토,27,1999-11-04,P,L/R,185cm/87kg,일본 이치하라 보요고,26 키움 아시아쿼터,2026,키움,3.19,41,0,0,5,4,12,9,0.556,150,36 2/3,35,2,10,0,37,13,13,2026-07-20,True,False,185,87,110
56366,https://www.koreabaseball.com/Record/Player/PitcherDetail/Basic.aspx?playerId=56366,이태양,19,2007-03-03,P,R/R,180cm/80kg,동막초-상인천중-인천고,26 키움 5라운드 41순위,2026,키움,9.0,1,0,0,0,0,0,0,,6,1,1,0,1,2,0,1,1,2026-07-20,True,False,180,80,3
56415,https://www.koreabaseball.com/Record/Player/PitcherDetail/Basic.aspx?playerId=56415,미야지,27,1999-08-02,P,R/R,186cm/90kg,일본 도카이대,26 삼성 아시아쿼터,2026,삼성,5.97,33,0,0,0,1,0,3,0.0,135,28 2/3,26,5,22,6,29,19,19,2026-07-20,True,False,186,90,86
56459,https://www.koreabaseball.com/Record/Player/PitcherDetail/Basic.aspx?playerId=56459,페덱,30,1996-01-08,P,R/R,0cm/0kg,,26 삼성 자유선발,2026,삼성,0.0,1,0,0,1,0,0,0,1.0,20,6,1,0,1,0,7,0,0,2026-07-20,True,False,,,18
56460,https://www.koreabaseball.com/Record/Player/PitcherDetail/Basic.aspx?playerId=56460,장찬희,19,2007-10-05,P,R/R,186cm/80kg,해원초(해운대리틀)-센텀중-경남고,26 삼성 3라운드 29순위,2026,삼성,4.58,18,0,0,4,4,0,0,0.5,242,55,49,9,25,4,41,30,28,2026-07-20,True,False,186,80,165
56464,https://www.koreabaseball.com/Record/Player/PitcherDetail/Basic.aspx?playerId=56464,오러클린,26,2000-03-14,P,L/L,196cm/101kg,호주 Seaton(고)-삼성,26 삼성 부상 대체 외국인선수,2026,삼성,4.86,17,0,0,5,5,0,0,0.5,366,83 1/3,78,7,38,10,81,48,45,2026-07-20,True,False,196,101,250
56469,https://www.koreabaseball.com/Record/Player/PitcherDetail/Basic.aspx?playerId=56469,정재훈,19,2007-03-08,P,R/R,185cm/85kg,석교초-세광중-전주고,26 삼성 6라운드 59순위,2026,삼성,20.25,2,0,0,0,0,0,0,,7,1 1/3,3,1,0,1,1,3,3,2026-07-20,True,False,185,85,4
56503,https://www.koreabaseball.com/Record/Player/PitcherDetail/Basic.aspx?playerId=56503,이이무라,28,1998-04-28,P,R/R,183cm/85kg,일본 카스미가우라고-일본 오비린대,26 롯데 아시아쿼터,2026,롯데,7.71,8,0,0,1,1,0,2,0.5,40,9 1/3,11,1,1,1,7,8,8,2026-07-20,True,False,183,85,28
56523,https://www.koreabaseball.com/Record/Player/PitcherDetail/Basic.aspx?playerId=56523,비슬리,31,1995-11-20,P,R/R,188cm/106kg,미국 ToombsCounty(고)-미국 Clemson(대),26 롯데 자유선발,2026,롯데,4.48,16,0,0,5,4,0,0,0.556,378,84 1/3,93,6,28,9,97,44,42,2026-07-20,True,False,188,106,253
56531,https://www.koreabaseball.com/Record/Player/PitcherDetail/Basic.aspx?playerId=56531,로드리게스,28,1998-03-31,P,R/R,193cm/97kg,도미니카 Cenapec Online(고),26 롯데 자유선발,2026,롯데,4.29,17,0,0,5,6,0,0,0.455,410,94 1/3,92,13,33,5,107,47,45,2026-07-20,True,False,193,97,283
56536,https://www.koreabaseball.com/Record/Player/PitcherDetail/Basic.aspx?playerId=56536,박정민,23,2003-09-26,P,L/R,188cm/95kg,서당초-매송중-장충고-한일장신대,26 롯데 2라운드 14순위,2026,롯데,4.46,39,0,0,5,2,1,9,0.714,150,34 1/3,24,4,28,1,39,17,17,2026-07-20,True,False,188,95,103
56548,https://www.koreabaseball.com/Record/Player/PitcherDetail/Basic.aspx?playerId=56548,쿄야마,28,1998-07-04,P,R/R,183cm/80kg,일본 오미고-롯데,26 롯데 아시아쿼터,2026,롯데,7.59,10,0,0,0,1,0,1,0.0,54,10 2/3,14,1,9,0,13,10,9,2026-07-20,True,False,183,80,32
56554,https://www.koreabaseball.com/Record/Player/PitcherDetail/Basic.aspx?playerId=56554,이준서,20,2006-08-05,P,R/R,177cm/77kg,늘푸른초(처인구리틀)-매송중-유신고,26 롯데 7라운드 64순위,2026,롯데,0.0,1,0,0,0,0,0,0,,4,1,1,0,0,0,0,0,0,2026-07-20,True,False,177,77,3
56567,https://www.koreabaseball.com/Record/Player/PitcherDetail/Basic.aspx?playerId=56567,신동건,19,2007-10-05,P,R/R,193cm/85kg,수유초-자양중-동산고,26 롯데 1라운드 4순위,2026,롯데,18.0,1,0,0,0,0,0,0,,8,1,1,0,4,0,1,2,2,2026-07-20,True,False,193,85,3
56633,https://www.koreabaseball.com/Record/Player/PitcherDetail/Basic.aspx?playerId=56633,지현,19,2007-07-13,P,R/R,180cm/86kg,동막초-인천연수중-제물포고,26 KIA 6라운드 60순위,2026,KIA,9.0,3,0,0,0,0,0,0,,21,4,6,2,3,0,1,4,4,2026-07-20,True,False,180,86,12
56709,https://www.koreabaseball.com/Record/Player/PitcherDetail/Basic.aspx?playerId=56709,박준영,24,2002-06-03,P,R/R,184cm/87kg,영일초-영남중-충암고-청운대,26 한화 육성선수,2026,한화,4.69,11,0,0,2,4,0,1,0.333,177,40 1/3,33,8,18,6,31,21,21,2026-07-20,True,False,184,87,121
56712,https://www.koreabaseball.com/Record/Player/PitcherDetail/Basic.aspx?playerId=56712,에르난데스,27,1999-04-13,P,R/R,190cm/88kg,베네수엘라 Pedro Camejo(고)-한화,26 한화 자유선발,2026,한화,4.92,16,0,0,3,6,0,0,0.333,308,71 1/3,78,8,27,3,47,42,39,2026-07-20,True,False,190,88,214
56719,https://www.koreabaseball.com/Record/Player/PitcherDetail/Basic.aspx?playerId=56719,왕옌청,25,2001-02-14,P,L/L,180cm/82kg,대만 Ku-Pao(고),26 한화 아시아쿼터,2026,한화,3.69,18,0,0,7,4,0,0,0.636,405,90 1/3,96,8,41,6,72,51,37,2026-07-20,True,False,180,82,271
56724,https://www.koreabaseball.com/Record/Player/PitcherDetail/Basic.aspx?playerId=56724,화이트,27,1999-08-09,P,R/R,190cm/90kg,미국 Carson(고),26 한화 자유선발,2026,한화,3.09,12,0,0,5,5,0,0,0.5,277,67,66,4,14,1,47,24,23,2026-07-20,True,False,190,90,201
56760,https://www.koreabaseball.com/Record/Player/PitcherDetail/Basic.aspx?playerId=56760,쿠싱,30,1996-12-03,P,R/R,190cm/92kg,미국 Georgetown(대)-한화,26 한화 부상 대체 외국인선수,2026,한화,4.79,16,0,0,1,2,4,0,0.333,88,20 2/3,20,3,6,0,26,11,11,2026-07-20,True,False,190,92,62
56769,https://www.koreabaseball.com/Record/Player/PitcherDetail/Basic.aspx?playerId=56769,강건우,19,2007-07-19,P,L/L,188cm/89kg,한산초(일산서구리틀)-원당중-북일고,26 한화 2라운드 13순위,2026,한화,8.1,10,0,0,0,0,0,0,,79,13 1/3,25,2,12,1,11,13,12,2026-07-20,True,False,188,89,40
56800,https://www.koreabaseball.com/Record/Player/PitcherDetail/Basic.aspx?playerId=56800,긴지로,27,1999-09-30,P,L/L,180cm/87kg,일본 쿄로고-일본 호세이대-SSG,26 SSG 부상 대체 외국인선수,2026,SSG,9.56,4,0,0,0,3,0,0,0.0,81,16,18,5,14,1,18,17,17,2026-07-20,True,False,180,87,48
56801,https://www.koreabaseball.com/Record/Player/PitcherDetail/Basic.aspx?playerId=56801,아빌라,29,1997-01-14,P,R/R,180cm/95kg,베네수엘라 Electron Caracas(고),26 SSG 자유선발,2026,SSG,0.0,1,0,0,1,0,0,0,1.0,21,6,3,0,1,0,8,0,0,2026-07-20,True,False,180,95,18
56808,https://www.koreabaseball.com/Record/Player/PitcherDetail/Basic.aspx?playerId=56808,신상연,19,2007-02-03,P,R/R,179cm/81kg,용소초(부산수영구리틀)-대천중-경남고,26 SSG 8라운드 75순위,2026,SSG,27.0,2,0,0,0,0,0,0,,15,2,3,1,6,0,1,6,6,2026-07-20,True,False,179,81,6
56823,https://www.koreabaseball.com/Record/Player/PitcherDetail/Basic.aspx?playerId=56823,타케다,33,1993-04-03,P,R/R,187cm/92kg,일본 미야자키일본대학고,26 SSG 아시아쿼터,2026,SSG,7.43,15,0,0,1,7,0,0,0.125,325,66 2/3,94,6,33,2,55,56,55,2026-07-20,True,False,187,92,200
56840,https://www.koreabaseball.com/Record/Player/PitcherDetail/Basic.aspx?playerId=56840,김민준,20,2006-04-08,P,R/R,183cm/100kg,봉황초(경주시리틀)-포항중-대구고,26 SSG 1라운드 5순위,2026,SSG,5.61,6,0,0,2,2,0,0,0.5,116,25 2/3,24,1,15,2,21,16,16,2026-07-20,True,False,183,100,77
56841,https://www.koreabaseball.com/Record/Player/PitcherDetail/Basic.aspx?playerId=56841,베니지아노,29,1997-09-01,P,L/L,198cm/102kg,미국 Warren Hills Regional(고)-SSG,26 SSG 자유선발,2026,SSG,6.1,16,0,0,2,5,0,0,0.286,372,79 2/3,98,14,32,9,68,59,54,2026-07-20,True,False,198,102,239
56855,https://www.koreabaseball.com/Record/Player/PitcherDetail/Basic.aspx?playerId=56855,해치,32,1994-09-29,P,R/R,185cm/88kg,미국 오클라호마주립대,26 SSG 자유선발,2026,SSG,7.62,6,0,0,1,4,0,0,0.2,139,28 1/3,43,4,11,2,23,28,24,2026-07-20,True,False,185,88,85
56911,https://www.koreabaseball.com/Record/Player/PitcherDetail/Basic.aspx?playerId=56911,토다,26,2000-07-22,P,R/R,170cm/80kg,일본 도카이대부고,26 NC 아시아쿼터,2026,NC,5.03,17,1,0,4,7,0,0,0.364,388,87 2/3,100,11,30,1,74,55,49,2026-07-20,True,False,170,80,263
56928,https://www.koreabaseball.com/Record/Player/PitcherDetail/Basic.aspx?playerId=56928,버하겐,36,1990-10-22,P,R/R,198cm/104kg,미국 Vanderbilt(대)-NC,26 NC 부상 대체 외국인선수,2026,NC,4.68,6,0,0,1,1,0,0,0.5,109,25,23,2,11,1,24,13,13,2026-07-20,True,False,198,104,75
56966,https://www.koreabaseball.com/Record/Player/PitcherDetail/Basic.aspx?playerId=56966,테일러,31,1995-07-25,P,R/R,198cm/106kg,캐나다 British Columbia(대),26 NC 자유선발,2026,NC,4.13,17,0,0,6,4,0,0,0.6,393,93 2/3,83,4,37,9,70,48,43,2026-07-20,True,False,198,106,281
56967,https://www.koreabaseball.com/Record/Player/PitcherDetail/Basic.aspx?playerId=56967,최요한,19,2007-10-16,P,L/L,180cm/80kg,희망대초-송전중-비봉고(용인시야구단),26 NC 3라운드 23순위,2026,NC,13.5,2,0,0,0,0,0,0,,7,1 1/3,1,0,2,0,2,2,2,2026-07-20,True,False,180,80,4
60146,https://www.koreabaseball.com/Record/Player/PitcherDetail/Basic.aspx?playerId=60146,이승현,35,1991-11-20,P,R/R,181cm/92kg,화순초-진흥중-화순고-LG,10 LG 2라운드 16순위,2026,삼성,4.7,39,0,0,4,1,1,7,0.8,138,30 2/3,36,3,12,0,29,18,16,2026-07-20,True,True,181,92,92
60768,https://www.koreabaseball.com/Record/Player/PitcherDetail/Basic.aspx?playerId=60768,이태양,36,1990-07-03,P,L/R,192cm/97kg,여수서초-여수중-효천고-한화-SK-SSG-한화,10 한화 5라운드 36순위,2026,KIA,1.72,13,0,0,1,0,0,3,1.0,63,15 2/3,12,1,4,1,9,3,3,2026-07-20,True,True,192,97,47
61101,https://www.koreabaseball.com/Record/Player/PitcherDetail/Basic.aspx?playerId=61101,임찬규,34,1992-11-20,P,R/R,185cm/80kg,가동초-청원중-휘문고-LG-경찰,11 LG 1라운드 2순위,2026,LG,4.08,18,0,0,9,3,0,0,0.75,431,99 1/3,115,7,28,4,54,46,45,2026-07-20,True,True,185,80,298
61145,https://www.koreabaseball.com/Record/Player/PitcherDetail/Basic.aspx?playerId=61145,이우찬,34,1992-08-04,P,L/L,185cm/97kg,온양온천초-온양중-북일고-LG-경찰,11 LG 2라운드 15순위,2026,LG,4.15,7,0,0,0,0,0,0,,22,4 1/3,8,0,1,0,4,2,2,2026-07-20,True,True,185,97,13
61268,https://www.koreabaseball.com/Record/Player/PitcherDetail/Basic.aspx?playerId=61268,양현,34,1992-08-23,P,R/R,189cm/104kg,영랑초-한밭중-대전고-두산-상무-히어로즈-키움,11 두산 10라운드 73순위,2026,삼성,0.0,1,0,0,0,0,0,0,,1,1/3,0,0,0,0,0,0,0,2026-07-20,True,True,189,104,1
61643,https://www.koreabaseball.com/Record/Player/PitcherDetail/Basic.aspx?playerId=61643,홍건희,34,1992-09-29,P,R/R,187cm/97kg,화순초-화순중-화순고-KIA-상무-KIA-두산,11 KIA 2라운드 9순위,2026,KIA,0.0,3,0,0,0,0,0,1,,14,3,4,0,0,0,2,1,0,2026-07-20,True,True,187,97,9
61666,https://www.koreabaseball.com/Record/Player/PitcherDetail/Basic.aspx?playerId=61666,한승혁,33,1993-01-03,P,L/R,185cm/100kg,도신초-강남중-덕수고-(남부대)-KIA-한화,11 KIA 1라운드 8순위,2026,KT,6.68,35,0,0,3,2,0,10,0.6,157,32 1/3,39,4,22,0,37,26,24,2026-07-20,True,True,185,100,97
61895,https://www.koreabaseball.com/Record/Player/PitcherDetail/Basic.aspx?playerId=61895,서진용,34,1992-10-02,P,R/R,184cm/88kg,남부민초-대동중-경남고-상무-SK,11 SK 1라운드 7순위,2026,SSG,5.79,8,0,0,0,0,0,0,,42,9 1/3,11,1,3,0,6,8,6,2026-07-20,True,True,184,88,28
62360,https://www.koreabaseball.com/Record/Player/PitcherDetail/Basic.aspx?playerId=62360,김태훈,34,1992-03-02,P,R/R,187cm/101kg,남부민초-대신중-부경고-히어로즈-경찰-히어로즈-키움,12 넥센 9라운드 79순위,2026,삼성,2.66,22,0,0,1,1,0,5,0.5,79,20 1/3,13,2,4,2,14,9,6,2026-07-20,True,True,187,101,61
62528,https://www.koreabaseball.com/Record/Player/PitcherDetail/Basic.aspx?playerId=62528,김원중,33,1993-06-14,P,L/R,192cm/96kg,학강초-광주동성중-광주동성고,12 롯데 1라운드 5순위,2026,롯데,3.09,39,0,0,1,2,4,12,0.333,151,35,29,1,16,2,23,16,12,2026-07-20,True,True,192,96,105
62754,https://www.koreabaseball.com/Record/Player/PitcherDetail/Basic.aspx?playerId=62754,임기영,33,1993-04-16,P,R/R,184cm/86kg,대구수창초-경운중-경북고-한화-상무-KIA,12 한화 2라운드 18순위,2026,삼성,3.86,24,0,0,0,1,0,1,0.0,150,35,36,5,9,3,21,15,15,2026-07-20,True,True,184,86,105
62869,https://www.koreabaseball.com/Record/Player/PitcherDetail/Basic.aspx?playerId=62869,문승원,37,1989-11-28,P,R/R,180cm/88kg,가동초-배명중-배명고-고려대-SK-상무-SK,12 SK 1라운드 8순위,2026,SSG,3.2,36,0,0,2,0,0,8,1.0,170,39 1/3,32,2,18,5,19,18,14,2026-07-20,True,True,180,88,118
62951,https://www.koreabaseball.com/Record/Player/PitcherDetail/Basic.aspx?playerId=62951,이형범,32,1994-02-27,P,R/R,181cm/80kg,화순초-화순중-화순고-NC-경찰-NC-두산,12 NC 특별 23순위,2026,KIA,3.13,18,0,0,0,0,0,0,,105,23,23,3,12,2,15,14,8,2026-07-20,True,True,181,80,69
63145,https://www.koreabaseball.com/Record/Player/PitcherDetail/Basic.aspx?playerId=63145,배재준,32,1994-11-24,P,R/R,188cm/85kg,본리초-경상중-대구상원고,13 LG 2라운드 16순위,2026,LG,9.15,19,0,0,1,1,0,2,0.5,101,19 2/3,26,2,14,4,18,20,20,2026-07-20,True,True,188,85,59
63248,https://www.koreabaseball.com/Record/Player/PitcherDetail/Basic.aspx?playerId=63248,함덕주,31,1995-01-13,P,L/L,181cm/78kg,일산초-원주중-원주고-두산,13 두산 5라운드 43순위,2026,LG,5.04,34,0,0,2,1,1,6,0.667,131,30 1/3,31,4,9,3,18,17,17,2026-07-20,True,True,181,78,91
63342,https://www.koreabaseball.com/Record/Player/PitcherDetail/Basic.aspx?playerId=63342,조상우,32,1994-09-04,P,R/R,186cm/97kg,서화초-상인천중-대전고-히어로즈-키움,13 넥센 1라운드 1순위,2026,KIA,1.45,42,0,0,4,1,1,13,0.8,159,37 1/3,35,1,13,1,25,10,6,2026-07-20,True,True,186,97,112
63492,https://www.koreabaseball.com/Record/Player/PitcherDetail/Basic.aspx?playerId=63492,이재익,32,1994-03-18,P,L/L,180cm/76kg,삼일초-중앙중-유신고,13 삼성 8라운드 68순위,2026,삼성,0.0,2,0,0,0,0,0,0,,8,1 1/3,3,0,1,0,1,0,0,2026-07-20,True,True,180,76,4
63512,https://www.koreabaseball.com/Record/Player/PitcherDetail/Basic.aspx?playerId=63512,박진형,32,1994-06-10,P,R/R,181cm/77kg,영랑초-경포중-강릉고-롯데,13 롯데 2라운드 13순위,2026,키움,5.25,22,0,0,2,2,0,2,0.5,112,24,26,2,14,4,18,14,14,2026-07-20,True,True,181,77,72
63543,https://www.koreabaseball.com/Record/Player/PitcherDetail/Basic.aspx?playerId=63543,구승민,36,1990-06-12,P,R/R,182cm/86kg,동일초(도봉구리틀)-청원중-청원고-홍익대-롯데-상무,13 롯데 6라운드 52순위,2026,롯데,6.0,6,0,0,0,0,0,0,,29,6,7,0,3,1,4,4,4,2026-07-20,True,True,182,86,18
63765,https://www.koreabaseball.com/Record/Player/PitcherDetail/Basic.aspx?playerId=63765,김종수,32,1994-06-03,P,R/R,180cm/88kg,성동초-덕수중-울산공고,13 한화 8라운드 74순위,2026,한화,5.4,27,0,0,0,1,0,4,0.0,97,20,25,4,13,2,18,13,12,2026-07-20,True,True,180,88,60
63950,https://www.koreabaseball.com/Record/Player/PitcherDetail/Basic.aspx?playerId=63950,장현식,31,1995-02-24,P,R/R,181cm/91kg,신도초-서울이수중-서울고-NC-경찰-NC-KIA,13 NC 1라운드 9순위,2026,LG,3.86,28,0,0,7,3,2,7,0.7,197,46 2/3,48,5,16,1,34,20,20,2026-07-20,True,True,181,91,140
63959,https://www.koreabaseball.com/Record/Player/PitcherDetail/Basic.aspx?playerId=63959,임정호,36,1990-04-16,P,L/L,188cm/90kg,성동초-잠신중-신일고-성균관대-NC-상무,13 NC 3라운드 30순위,2026,NC,6.75,15,0,0,0,0,0,1,,42,9 1/3,10,1,4,0,9,7,7,2026-07-20,True,True,188,90,28
64001,https://www.koreabaseball.com/Record/Player/PitcherDetail/Basic.aspx?playerId=64001,고영표,35,1991-09-16,P,R/R,187cm/88kg,광주대성초-광주동성중-화순고-동국대,14 KT 2차 1라운드 10순위,2026,KT,4.16,17,0,0,7,6,0,0,0.538,413,97 1/3,108,10,12,6,101,46,45,2026-07-20,True,True,187,88,292
64021,https://www.koreabaseball.com/Record/Player/PitcherDetail/Basic.aspx?playerId=64021,박세웅,31,1995-11-30,P,R/R,182cm/85kg,대구경운초-경운중-경북고-KT,14 KT 1차,2026,롯데,4.58,16,0,0,2,6,0,0,0.25,399,90 1/3,98,8,33,6,86,51,46,2026-07-20,True,True,182,85,271
64350,https://www.koreabaseball.com/Record/Player/PitcherDetail/Basic.aspx?playerId=64350,하영민,31,1995-05-07,P,R/R,183cm/74kg,광주수창초-진흥중-진흥고-히어로즈,14 넥센 2차 1라운드 4순위,2026,키움,4.35,16,0,0,4,5,0,0,0.444,320,72 1/3,69,6,33,4,62,40,35,2026-07-20,True,True,183,74,217
64596,https://www.koreabaseball.com/Record/Player/PitcherDetail/Basic.aspx?playerId=64596,김유영,32,1994-05-02,P,L/L,180cm/83kg,양정초-개성중-경남고-롯데-상무-롯데,14 롯데 1차,2026,LG,1.8,5,0,0,0,0,0,0,,21,5,3,0,4,0,8,1,1,2026-07-20,True,True,180,83,15
64861,https://www.koreabaseball.com/Record/Player/PitcherDetail/Basic.aspx?playerId=64861,이건욱,31,1995-02-13,P,R/R,182cm/85kg,신도초-동산중-동산고-SK,14 SK 1차,2026,SSG,3.16,23,0,0,0,2,0,1,0.0,106,25 2/3,22,2,8,1,22,12,9,2026-07-20,True,True,182,85,77
64995,https://www.koreabaseball.com/Record/Player/PitcherDetail/Basic.aspx?playerId=64995,배재환,31,1995-02-24,P,R/R,186cm/95kg,가동초-잠신중-서울고-NC-상무,14 NC 2차 1라운드 1순위,2026,NC,5.08,36,0,0,3,1,1,11,0.75,128,28 1/3,33,5,10,1,29,19,16,2026-07-20,True,True,186,95,85
65048,https://www.koreabaseball.com/Record/Player/PitcherDetail/Basic.aspx?playerId=65048,김민수,34,1992-07-24,P,R/R,188cm/80kg,청원초-청원중-청원고-성균관대-KT-상무,15 KT 2차 특별 11순위,2026,KT,5.75,33,0,0,2,3,1,2,0.4,162,36,40,4,14,1,33,25,23,2026-07-20,True,True,188,80,108
65056,https://www.koreabaseball.com/Record/Player/PitcherDetail/Basic.aspx?playerId=65056,엄상백,30,1996-10-04,P,R/R,187cm/72kg,역삼초-언북중-덕수고-KT-상무-KT,15 KT 1차,2026,한화,27.0,1,0,0,0,0,0,0,,4,1/3,2,0,0,1,0,1,1,2026-07-20,True,True,187,72,1
65060,https://www.koreabaseball.com/Record/Player/PitcherDetail/Basic.aspx?playerId=65060,주권,31,1995-05-31,P,R/R,181cm/82kg,청주우암초-청주중-청주고,15 KT 우선지명,2026,KT,3.48,30,0,0,2,0,0,1,1.0,142,33 2/3,36,2,12,2,12,15,13,2026-07-20,True,True,181,82,101
65062,https://www.koreabaseball.com/Record/Player/PitcherDetail/Basic.aspx?playerId=65062,김재윤,36,1990-09-16,P,R/R,185cm/91kg,서울도곡초-휘문중-휘문고-KT,15 KT 2차 특별 13순위,2026,삼성,3.38,43,0,0,4,4,23,0,0.5,159,40,22,2,19,1,43,15,15,2026-07-20,True,True,185,91,120
65109,https://www.koreabaseball.com/Record/Player/PitcherDetail/Basic.aspx?playerId=65109,백승현,31,1995-05-26,P,R/R,183cm/90kg,소래초-상인천중-인천고,15 LG 2차 3라운드 30순위,2026,LG,11.81,6,0,0,0,0,0,0,,25,5 1/3,6,2,4,0,6,7,7,2026-07-20,True,True,183,90,16
65117,https://www.koreabaseball.com/Record/Player/PitcherDetail/Basic.aspx?playerId=65117,이상규,30,1996-10-20,P,R/R,185cm/77kg,흥인초-청원중-청원고-LG,15 LG 2차 7라운드 70순위,2026,한화,4.12,36,0,0,3,2,0,7,0.6,175,39 1/3,39,3,13,3,32,24,18,2026-07-20,True,True,185,77,118
65320,https://www.koreabaseball.com/Record/Player/PitcherDetail/Basic.aspx?playerId=65320,최원태,29,1997-01-07,P,R/R,184cm/104kg,인헌초(용산구리틀)-서울경원중-서울고-히어로즈-키움-LG,15 넥센 1차,2026,삼성,4.7,14,0,0,3,4,0,0,0.429,333,76 2/3,83,8,32,3,67,44,40,2026-07-20,True,True,184,104,230
65343,https://www.koreabaseball.com/Record/Player/PitcherDetail/Basic.aspx?playerId=65343,김택형,30,1996-10-10,P,L/L,185cm/90kg,창영초-재능중-동산고-히어로즈-SK-SSG-상무,15 넥센 2차 2라운드 18순위,2026,SSG,40.5,1,0,0,0,0,0,0,,5,2/3,1,1,2,0,1,3,3,2026-07-20,True,True,185,90,2
65516,https://www.koreabaseball.com/Record/Player/PitcherDetail/Basic.aspx?playerId=65516,배제성,30,1996-09-29,P,L/R,189cm/85kg,백마초-성남중-성남고-롯데-KT-상무,15 롯데 2차 9라운드 88순위,2026,KT,4.45,8,0,0,0,2,0,1,0.0,134,28 1/3,30,1,19,2,25,15,14,2026-07-20,True,True,189,85,85
65522,https://www.koreabaseball.com/Record/Player/PitcherDetail/Basic.aspx?playerId=65522,김강현,31,1995-02-27,P,L/R,177cm/84kg,고명초-청원중-청원고,15 롯데 육성선수,2026,롯데,2.5,17,0,0,1,0,0,3,1.0,75,18,14,0,11,0,9,5,5,2026-07-20,True,True,177,84,54
65616,https://www.koreabaseball.com/Record/Player/PitcherDetail/Basic.aspx?playerId=65616,이민우,33,1993-02-09,P,R/R,185cm/104kg,순천북초-순천이수중-효천고-경성대-KIA,15 KIA 1차,2026,한화,3.96,37,0,0,1,4,6,5,0.2,169,38 2/3,39,1,12,5,19,17,17,2026-07-20,True,True,185,104,116
65639,https://www.koreabaseball.com/Record/Player/PitcherDetail/Basic.aspx?playerId=65639,박정수,30,1996-01-29,P,L/R,178cm/74kg,서울청구초-서울이수중-야탑고-KIA-경찰-KIA-NC,15 KIA 2차 7라운드 65순위,2026,두산,5.14,7,0,0,0,0,0,0,,31,7,7,1,5,0,3,6,4,2026-07-20,True,True,178,74,21
65707,https://www.koreabaseball.com/Record/Player/PitcherDetail/Basic.aspx?playerId=65707,주현상,34,1992-08-10,P,R/R,177cm/92kg,청주우암초-청주중-청주고-동아대,15 한화 2차 7라운드 64순위,2026,한화,15.43,3,0,0,0,0,0,0,,17,2 1/3,7,1,2,0,1,9,4,2026-07-20,True,True,177,92,7
65769,https://www.koreabaseball.com/Record/Player/PitcherDetail/Basic.aspx?playerId=65769,김범수,31,1995-10-03,P,L/L,181cm/92kg,온양온천초-온양중-북일고-한화,15 한화 1차,2026,KIA,5.4,44,0,0,1,3,1,11,0.25,153,31 2/3,37,2,26,2,30,20,19,2026-07-20,True,True,181,92,95
65933,https://www.koreabaseball.com/Record/Player/PitcherDetail/Basic.aspx?playerId=65933,구창모,29,1997-02-17,P,L/L,183cm/85kg,천안남산초-덕수중-울산공고-NC-상무,15 NC 2차 1라운드 3순위,2026,NC,3.61,17,0,0,8,2,0,0,0.8,411,97 1/3,94,12,27,3,82,46,39,2026-07-20,True,True,183,85,292
65949,https://www.koreabaseball.com/Record/Player/PitcherDetail/Basic.aspx?playerId=65949,류진욱,30,1996-10-10,P,R/R,189cm/88kg,양정초-개성중-부산고,15 NC 2차 2라운드 21순위,2026,NC,9.51,30,0,0,2,7,3,1,0.222,120,23 2/3,33,6,13,4,23,25,25,2026-07-20,True,True,189,88,71
66018,https://www.koreabaseball.com/Record/Player/PitcherDetail/Basic.aspx?playerId=66018,김선기,35,1991-09-01,P,R/R,187cm/98kg,석교초-세광중-세광고-상무-히어로즈,18 넥센 2차 1라운드 8순위,2026,키움,6.35,4,0,0,0,0,0,0,,21,5 2/3,4,1,2,0,4,4,4,2026-07-20,True,True,187,98,17
66047,https://www.koreabaseball.com/Record/Player/PitcherDetail/Basic.aspx?playerId=66047,박세진,29,1997-06-27,P,L/L,178cm/93kg,본리초-경운중-경북고-KT,16 KT 1차,2026,롯데,33.75,5,0,0,0,0,0,0,,13,1 1/3,7,1,2,0,1,5,5,2026-07-20,True,True,178,93,4
66145,https://www.koreabaseball.com/Record/Player/PitcherDetail/Basic.aspx?playerId=66145,김대현,29,1997-03-08,P,R/R,188cm/100kg,홍연초(마포구리틀)-홍은중-선린인터넷고,16 LG 1차,2026,LG,108.0,1,0,0,0,0,0,0,,7,1/3,5,1,1,0,0,5,4,2026-07-20,True,True,188,100,1
66291,https://www.koreabaseball.com/Record/Player/PitcherDetail/Basic.aspx?playerId=66291,이영하,29,1997-11-01,P,R/R,192cm/91kg,영일초-강남중-선린인터넷고,16 두산 1차,2026,두산,4.38,33,0,0,4,3,14,0,0.571,178,39,36,3,22,2,47,19,19,2026-07-20,True,True,192,91,117
66451,https://www.koreabaseball.com/Record/Player/PitcherDetail/Basic.aspx?playerId=66451,최충연,29,1997-03-05,P,R/R,190cm/85kg,대구수창초-대구중-경북고-삼성,16 삼성 1차,2026,롯데,18.0,1,0,0,0,0,0,0,,7,1,3,0,1,0,0,2,2,2026-07-20,True,True,190,85,3
66609,https://www.koreabaseball.com/Record/Player/PitcherDetail/Basic.aspx?playerId=66609,전상현,30,1996-04-18,P,R/R,180cm/88kg,남도초-경복중-대구상원고-KIA-상무,16 KIA 2차 4라운드 38순위,2026,KIA,4.85,15,0,0,2,1,0,6,0.667,53,13,13,1,2,1,12,7,7,2026-07-20,True,True,180,88,39
66858,https://www.koreabaseball.com/Record/Player/PitcherDetail/Basic.aspx?playerId=66858,정동윤,29,1997-10-22,P,L/R,193cm/103kg,덕성초(안산리틀)-중앙중-야탑고-SK-상무-SK,16 SK 1차,2026,SSG,3.86,3,0,0,0,0,0,0,,19,4 2/3,1,0,4,1,4,2,2,2026-07-20,True,True,193,103,14
66920,https://www.koreabaseball.com/Record/Player/PitcherDetail/Basic.aspx?playerId=66920,최성영,29,1997-04-28,P,L/L,180cm/85kg,영랑초-설악중-설악고-NC-상무,16 NC 2차 2라운드 13순위,2026,NC,3.38,4,0,0,1,0,0,0,1.0,12,2 2/3,4,1,1,0,2,1,1,2026-07-20,True,True,180,85,8
67116,https://www.koreabaseball.com/Record/Player/PitcherDetail/Basic.aspx?playerId=67116,오석주,28,1998-04-14,P,R/R,180cm/74kg,양정초-대천중-제주고-LG,17 LG 2차 6라운드 52순위,2026,키움,5.47,14,0,0,0,1,0,0,0.0,124,24 2/3,27,0,19,3,19,16,15,2026-07-20,True,True,180,74,74
67143,https://www.koreabaseball.com/Record/Player/PitcherDetail/Basic.aspx?playerId=67143,손주영,28,1998-12-02,P,L/L,191cm/95kg,울산대현초-개성중-경남고,17 LG 2차 1라운드 2순위,2026,LG,2.05,23,0,0,1,0,19,0,1.0,120,26 1/3,21,1,19,3,27,6,6,2026-07-20,True,True,191,95,79
67246,https://www.koreabaseball.com/Record/Player/PitcherDetail/Basic.aspx?playerId=67246,김명신,33,1993-11-29,P,R/R,178cm/90kg,남도초-대구중-경북고-경성대,17 두산 2차 2라운드 20순위,2026,두산,3.38,3,0,0,1,0,0,0,1.0,13,2 2/3,3,0,1,1,0,1,1,2026-07-20,True,True,178,90,8
67263,https://www.koreabaseball.com/Record/Player/PitcherDetail/Basic.aspx?playerId=67263,최원준,32,1994-12-21,P,R/R,182cm/91kg,수유초-신일중-신일고-동국대,17 두산 1차,2026,두산,0.0,2,0,0,0,0,0,0,,7,2,1,0,1,0,1,0,0,2026-07-20,True,True,182,91,6
67266,https://www.koreabaseball.com/Record/Player/PitcherDetail/Basic.aspx?playerId=67266,박치국,28,1998-03-10,P,R/R,177cm/78kg,인천숭의초-인천신흥중-제물포고,17 두산 2차 1라운드 10순위,2026,두산,3.76,32,0,0,0,1,0,8,0.0,130,26 1/3,36,1,9,4,25,16,11,2026-07-20,True,True,177,78,79
67391,https://www.koreabaseball.com/Record/Player/PitcherDetail/Basic.aspx?playerId=67391,김재웅,28,1998-10-22,P,L/L,171cm/86kg,금교초(남양주리틀)-자양중-덕수고-키움-상무,17 넥센 2차 6라운드 57순위,2026,키움,8.84,18,0,0,0,1,5,2,0.0,91,19 1/3,25,4,8,0,7,19,19,2026-07-20,True,True,171,86,58
67419,https://www.koreabaseball.com/Record/Player/PitcherDetail/Basic.aspx?playerId=67419,문용익,31,1995-02-04,P,R/R,178cm/93kg,덕양초-양천중-청원고-세계사이버대-삼성,17 삼성 2차 6라운드 59순위,2026,KT,11.57,3,0,0,0,1,0,0,0.0,37,7,12,2,5,0,6,9,9,2026-07-20,True,True,178,93,21
67421,https://www.koreabaseball.com/Record/Player/PitcherDetail/Basic.aspx?playerId=67421,최지광,28,1998-03-13,P,R/R,173cm/85kg,감천초-대신중-부산고-삼성-상무,17 삼성 2차 1라운드 9순위,2026,삼성,2.45,25,0,0,4,0,1,8,1.0,96,22,20,0,7,3,21,8,6,2026-07-20,True,True,173,85,66
67539,https://www.koreabaseball.com/Record/Player/PitcherDetail/Basic.aspx?playerId=67539,나균안,28,1998-03-16,P,R/R,186cm/109kg,무학초-창원신월중-용마고,17 롯데 2차 1라운드 3순위,2026,롯데,4.07,17,0,0,5,8,0,0,0.385,424,97 1/3,111,14,28,2,83,49,44,2026-07-20,True,True,186,109,292
67588,https://www.koreabaseball.com/Record/Player/PitcherDetail/Basic.aspx?playerId=67588,윤성빈,27,1999-02-26,P,R/R,197cm/90kg,동일중앙초-경남중-부산고,17 롯데 1차,2026,롯데,13.5,4,0,0,0,0,0,0,,20,3 1/3,4,0,6,0,2,5,5,2026-07-20,True,True,197,90,10
67703,https://www.koreabaseball.com/Record/Player/PitcherDetail/Basic.aspx?playerId=67703,박상원,32,1994-09-09,P,R/R,187cm/98kg,백운초-서울이수중-휘문고-연세대,17 한화 2차 3라운드 25순위,2026,한화,6.17,39,0,0,0,3,1,10,0.0,157,35,37,4,14,2,36,24,24,2026-07-20,True,True,187,98,105
67828,https://www.koreabaseball.com/Record/Player/PitcherDetail/Basic.aspx?playerId=67828,김성민,32,1994-04-26,P,L/L,181cm/90kg,대구옥산초-경복중-대구상원고-일본경제대-SK-히어로즈,17 SK 2차 1라운드 6순위,2026,키움,0.0,2,0,0,0,0,0,0,,5,1 2/3,0,0,0,0,4,0,0,2026-07-20,True,True,181,90,5
67954,https://www.koreabaseball.com/Record/Player/PitcherDetail/Basic.aspx?playerId=67954,김진호,28,1998-06-07,P,R/R,183cm/90kg,의왕부곡초-성일중-광주동성고-NC-경찰,17 NC 2차 2라운드 18순위,2026,NC,6.06,38,0,0,2,3,1,10,0.4,155,32 2/3,26,4,33,1,27,23,22,2026-07-20,True,True,183,90,98
68036,https://www.koreabaseball.com/Record/Player/PitcherDetail/Basic.aspx?playerId=68036,최이준,27,1999-04-10,P,R/R,182cm/90kg,서울이수초-대치중-장충고-KT,18 KT 2차 2라운드 11순위,2026,롯데,8.31,15,0,0,0,1,0,0,0.0,60,13,12,2,11,0,9,13,12,2026-07-20,True,True,182,90,39
68043,https://www.koreabaseball.com/Record/Player/PitcherDetail/Basic.aspx?playerId=68043,김민,27,1999-04-14,P,R/R,185cm/88kg,인천숭의초-평촌중-유신고-KT-상무-KT,18 KT 1차,2026,SSG,5.1,45,0,0,4,4,1,11,0.5,193,42 1/3,47,2,21,2,47,33,24,2026-07-20,True,True,185,88,127
68092,https://www.koreabaseball.com/Record/Player/PitcherDetail/Basic.aspx?playerId=68092,한두솔,29,1997-01-15,P,L/L,177cm/86kg,광주수창초-진흥중-광주제일고-일본 오사카 리세이샤 전문대학-KT,18 KT 육성선수,2026,SSG,5.76,28,0,0,0,1,0,0,0.0,140,29 2/3,36,2,9,6,23,20,19,2026-07-20,True,True,177,86,89
68159,https://www.koreabaseball.com/Record/Player/PitcherDetail/Basic.aspx?playerId=68159,성동현,27,1999-05-18,P,R/R,189cm/108kg,백마초-홍은중-장충고,18 LG 2차 1라운드 7순위,2026,LG,11.12,5,0,0,0,0,0,0,,33,5 2/3,10,2,4,1,5,8,7,2026-07-20,True,True,189,108,17
68220,https://www.koreabaseball.com/Record/Player/PitcherDetail/Basic.aspx?playerId=68220,곽빈,27,1999-05-28,P,R/R,187cm/95kg,서울학동초-자양중-배명고,18 두산 1차,2026,두산,2.8,18,0,0,8,4,0,0,0.667,431,103,93,8,29,4,120,36,32,2026-07-20,True,True,187,95,309
68242,https://www.koreabaseball.com/Record/Player/PitcherDetail/Basic.aspx?playerId=68242,정철원,27,1999-03-27,P,R/R,192cm/95kg,역북초-송전중-안산공고-두산,18 두산 2차 2라운드 20순위,2026,롯데,6.85,30,0,0,1,2,0,3,0.333,109,23 2/3,28,3,12,1,18,18,18,2026-07-20,True,True,192,95,71
68249,https://www.koreabaseball.com/Record/Player/PitcherDetail/Basic.aspx?playerId=68249,박신지,27,1999-07-16,P,R/R,185cm/75kg,목암초(의정부리틀)-영동중-경기고-두산-상무,18 두산 2차 1라운드 10순위,2026,두산,5.84,16,0,0,0,0,0,0,,108,24 2/3,25,3,12,2,18,16,16,2026-07-20,True,True,185,75,74
68260,https://www.koreabaseball.com/Record/Player/PitcherDetail/Basic.aspx?playerId=68260,현도훈,33,1993-01-13,P,L/R,188cm/95kg,풍양초(남양주리틀)-서울신일중-일본 교토고쿠사이고-일본 큐슈교리츠대-두산,18 두산 육성선수,2026,롯데,4.81,36,0,0,2,3,0,5,0.4,146,33 2/3,29,2,19,2,23,21,18,2026-07-20,True,True,188,95,101
68341,https://www.koreabaseball.com/Record/Player/PitcherDetail/Basic.aspx?playerId=68341,안우진,27,1999-08-30,P,R/R,192cm/90kg,강남초-서울이수중-휘문고-히어로즈,18 넥센 1차,2026,키움,3.48,14,0,0,2,5,0,0,0.286,265,62,56,2,20,1,77,26,24,2026-07-20,True,True,192,90,186
68403,https://www.koreabaseball.com/Record/Player/PitcherDetail/Basic.aspx?playerId=68403,김무신,27,1999-12-08,P,R/R,183cm/94kg,온양온천초-온양중-북일고-(대구대)-삼성-상무,18 삼성 2차 6라운드 52순위,2026,삼성,10.8,3,0,0,0,0,0,0,,9,1 2/3,2,1,3,0,3,2,2,2026-07-20,True,True,183,94,5
68415,https://www.koreabaseball.com/Record/Player/PitcherDetail/Basic.aspx?playerId=68415,양창섭,27,1999-09-22,P,R/R,182cm/85kg,녹천초(노원구리틀)-청량중-덕수고,18 삼성 2차 1라운드 2순위,2026,삼성,4.07,15,1,1,8,0,0,0,1.0,286,66 1/3,69,8,20,3,55,32,30,2026-07-20,True,True,182,85,199
68529,https://www.koreabaseball.com/Record/Player/PitcherDetail/Basic.aspx?playerId=68529,이승헌,28,1998-12-19,P,R/R,196cm/97kg,무학초-마산동중-용마고,18 롯데 2차 1라운드 3순위,2026,롯데,3.86,5,0,0,0,0,0,0,,23,4 2/3,6,0,3,0,2,3,2,2026-07-20,True,True,196,97,14
68639,https://www.koreabaseball.com/Record/Player/PitcherDetail/Basic.aspx?playerId=68639,하준영,27,1999-09-06,P,L/L,182cm/79kg,서울이수초-성남중-성남고-KIA,18 KIA 2차 2라운드 16순위,2026,NC,11.25,9,0,0,0,0,0,0,,38,8,7,1,8,0,10,10,10,2026-07-20,True,True,182,79,24
68830,https://www.koreabaseball.com/Record/Player/PitcherDetail/Basic.aspx?playerId=68830,김정우,27,1999-05-15,P,R/R,183cm/87kg,소래초-동산중-동산고-SK-상무-SSG,18 SK 1차,2026,두산,1.86,38,0,0,1,2,2,7,0.333,154,38 2/3,22,0,13,7,33,8,8,2026-07-20,True,True,183,87,116
68856,https://www.koreabaseball.com/Record/Player/PitcherDetail/Basic.aspx?playerId=68856,최민준,27,1999-06-11,P,R/R,178cm/83kg,부산수영초-경남중-경남고-SK-상무-SK,18 SK 2차 2라운드 15순위,2026,SSG,4.87,16,0,0,1,4,0,0,0.2,287,64 2/3,65,10,30,4,56,40,35,2026-07-20,True,True,178,83,194
68900,https://www.koreabaseball.com/Record/Player/PitcherDetail/Basic.aspx?playerId=68900,김영규,26,2000-02-10,P,L/L,188cm/86kg,광주서석초-무등중-광주제일고,18 NC 2차 8라운드 79순위,2026,NC,3.92,28,0,0,1,2,0,2,0.333,104,20 2/3,23,2,17,1,19,9,9,2026-07-20,True,True,188,86,62
68902,https://www.koreabaseball.com/Record/Player/PitcherDetail/Basic.aspx?playerId=68902,신민혁,27,1999-02-04,P,R/R,184cm/95kg,염강초(강서구리틀)-매향중-야탑고,18 NC 2차 5라운드 49순위,2026,NC,4.79,8,0,0,0,3,0,0,0.0,152,35 2/3,32,6,13,3,17,21,19,2026-07-20,True,True,184,95,107
68928,https://www.koreabaseball.com/Record/Player/PitcherDetail/Basic.aspx?playerId=68928,김시훈,27,1999-02-24,P,R/R,188cm/95kg,양덕초-마산동중-마산고-NC,18 NC 1차,2026,KIA,6.75,3,0,0,0,0,0,0,,20,4,5,0,2,1,3,3,3,2026-07-20,True,True,188,95,12
69041,https://www.koreabaseball.com/Record/Player/PitcherDetail/Basic.aspx?playerId=69041,손동현,25,2001-01-23,P,R/R,183cm/88kg,염창초(강서구리틀)-덕수중-성남고-KT-상무,19 KT 2차 3라운드 21순위,2026,KT,3.47,38,0,0,4,1,0,4,0.8,150,36 1/3,28,3,17,2,25,14,14,2026-07-20,True,True,183,88,109
69045,https://www.koreabaseball.com/Record/Player/PitcherDetail/Basic.aspx?playerId=69045,알칸타라,34,1992-12-04,P,R/R,193cm/100kg,도미니카 Liceo secundario Emma Balaguer(고)-KT-두산,19 KT 자유선발,2026,키움,3.47,17,0,0,8,6,0,0,0.571,442,109,106,16,13,2,98,43,42,2026-07-20,True,True,193,100,327
69047,https://www.koreabaseball.com/Record/Player/PitcherDetail/Basic.aspx?playerId=69047,전용주,26,2000-02-12,P,L/L,188cm/87kg,양진초(안성시리틀)-성일중-안산공고,19 KT 1차,2026,KT,4.68,42,0,0,2,2,0,4,0.5,150,32 2/3,30,0,23,3,30,17,17,2026-07-20,True,True,188,87,98
69054,https://www.koreabaseball.com/Record/Player/PitcherDetail/Basic.aspx?playerId=69054,이상동,31,1995-11-24,P,R/R,181cm/88kg,대구옥산초-경복중-경북고-영남대,19 KT 2차 4라운드 31순위,2026,KT,5.87,17,0,0,0,1,0,5,0.0,61,15 1/3,11,2,6,0,10,11,10,2026-07-20,True,True,181,88,46
69113,https://www.koreabaseball.com/Record/Player/PitcherDetail/Basic.aspx?playerId=69113,임준형,26,2000-11-16,P,L/L,180cm/82kg,광주서석초-진흥중-진흥고-LG-상무-LG,19 LG 2차 8라운드 75순위,2026,KT,18.0,1,0,0,0,0,0,0,,7,1,4,0,0,0,1,2,2,2026-07-20,True,True,180,82,3
69134,https://www.koreabaseball.com/Record/Player/PitcherDetail/Basic.aspx?playerId=69134,이정용,30,1996-03-26,P,R/R,186cm/85kg,영일초-성남중-성남고-동아대-LG-상무,19 LG 1차,2026,LG,7.29,19,0,0,1,3,0,1,0.25,224,45 2/3,69,4,20,3,21,40,37,2026-07-20,True,True,186,85,137
69168,https://www.koreabaseball.com/Record/Player/PitcherDetail/Basic.aspx?playerId=69168,이상영,26,2000-12-03,P,L/L,193cm/95kg,부산수영초-개성중-부산고-LG-상무,19 LG 2차 1라운드 5순위,2026,LG,14.54,2,0,0,0,1,0,0,0.0,23,4 1/3,11,1,3,0,1,7,7,2026-07-20,True,True,193,95,13
69205,https://www.koreabaseball.com/Record/Player/PitcherDetail/Basic.aspx?playerId=69205,이교훈,26,2000-05-29,P,L/L,181cm/83kg,구리초(남양주리틀)-청원중-서울고-두산,19 두산 2차 3라운드 29순위,2026,한화,0.0,1,0,0,0,0,0,0,,3,1/3,1,0,1,0,1,2,0,2026-07-20,True,True,181,83,1
69213,https://www.koreabaseball.com/Record/Player/PitcherDetail/Basic.aspx?playerId=69213,윤산흠,27,1999-05-15,P,R/R,178cm/74kg,광주화정초-진흥중-영선고-한화-상무,19 두산 육성선수,2026,한화,5.73,22,0,0,1,1,0,2,0.5,100,22,21,3,13,1,16,17,14,2026-07-20,True,True,178,74,66
69360,https://www.koreabaseball.com/Record/Player/PitcherDetail/Basic.aspx?playerId=69360,조영건,27,1999-02-04,P,R/R,180cm/85kg,대전신흥초-충남중-백송고,19 넥센 2차 2라운드 14순위,2026,키움,6.56,28,0,0,1,1,0,3,0.5,109,23 1/3,33,5,6,4,16,19,17,2026-07-20,True,True,180,85,70
69446,https://www.koreabaseball.com/Record/Player/PitcherDetail/Basic.aspx?playerId=69446,원태인,26,2000-04-06,P,R/R,183cm/92kg,율하초(중구리틀)-경복중-경북고,19 삼성 1차,2026,삼성,4.01,15,0,0,4,5,0,0,0.444,364,83,95,4,20,6,74,39,37,2026-07-20,True,True,183,92,249
69516,https://www.koreabaseball.com/Record/Player/PitcherDetail/Basic.aspx?playerId=69516,김현수,26,2000-07-10,P,R/R,185cm/90kg,효제초-홍은중-장충고-롯데-KIA-상무,19 롯데 2차 3라운드 28순위,2026,KIA,0.0,1,0,0,0,0,0,0,,9,2,2,0,1,0,2,0,0,2026-07-20,True,True,185,90,6
69620,https://www.koreabaseball.com/Record/Player/PitcherDetail/Basic.aspx?playerId=69620,김기훈,26,2000-01-03,P,L/L,184cm/93kg,광주수창초-무등중-광주동성고-KIA-상무,19 KIA 1차,2026,KIA,5.4,2,0,0,0,0,0,0,,8,1 2/3,0,0,4,0,1,1,1,2026-07-20,True,True,184,93,5
69645,https://www.koreabaseball.com/Record/Player/PitcherDetail/Basic.aspx?playerId=69645,장유호,26,2000-05-25,P,R/R,179cm/80kg,사당초-강남중-성남고-KIA-상무-KIA,19 KIA 2차 2라운드 20순위,2026,한화,2.12,12,0,0,1,0,0,0,1.0,69,17,12,2,8,1,9,4,4,2026-07-20,True,True,179,80,51
69839,https://www.koreabaseball.com/Record/Player/PitcherDetail/Basic.aspx?playerId=69839,백승건,26,2000-10-29,P,L/L,183cm/85kg,동막초-상인천중-인천고-SK-SSG-상무,19 SK 1차,2026,SSG,9.0,7,0,0,0,0,0,0,,59,11,12,1,13,0,9,12,11,2026-07-20,True,True,183,85,33
69962,https://www.koreabaseball.com/Record/Player/PitcherDetail/Basic.aspx?playerId=69962,송명기,26,2000-08-09,P,L/R,191cm/102kg,양남초(하남시리틀)-건대부중-장충고-상무,19 NC 2차 1라운드 7순위,2026,NC,6.23,10,0,0,0,0,0,0,,51,8 2/3,13,2,10,1,12,6,6,2026-07-20,True,True,191,102,26
69969,https://www.koreabaseball.com/Record/Player/PitcherDetail/Basic.aspx?playerId=69969,전사민,27,1999-07-06,P,R/R,194cm/85kg,연서초(부산동래구리틀)-대신중-부산정보고-NC-상무,19 NC 2차 2라운드 17순위,2026,NC,4.23,41,0,0,2,5,6,3,0.286,165,38 1/3,29,1,16,6,32,21,18,2026-07-20,True,True,194,85,115
69994,https://www.koreabaseball.com/Record/Player/PitcherDetail/Basic.aspx?playerId=69994,박지한,26,2000-10-21,P,L/L,185cm/90kg,동일중앙초-부산중-개성고,19 NC 2차 8라운드 77순위,2026,NC,3.0,2,0,0,0,0,0,0,,14,3,1,0,3,1,4,1,1,2026-07-20,True,False,185,90,9
73117,https://www.koreabaseball.com/Record/Player/PitcherDetail/Basic.aspx?playerId=73117,우규민,41,1985-01-21,P,R/R,184cm/75kg,성동초-휘문중-휘문고-LG-경찰-LG-삼성,03 LG 2차 3라운드 19순위,2026,KT,3.65,30,0,0,0,0,0,2,,108,24 2/3,32,3,4,1,11,12,10,2026-07-20,True,True,184,75,74
73211,https://www.koreabaseball.com/Record/Player/PitcherDetail/Basic.aspx?playerId=73211,노경은,42,1984-03-11,P,R/R,187cm/100kg,화곡초-성남중-성남고-두산-롯데,03 두산 1차,2026,SSG,4.78,40,0,0,2,4,0,6,0.333,167,37 2/3,39,8,16,2,27,22,20,2026-07-20,True,True,187,100,113
75867,https://www.koreabaseball.com/Record/Player/PitcherDetail/Basic.aspx?playerId=75867,김진성,41,1985-03-07,P,R/R,186cm/90kg,인헌초-성남중-성남서고-SK-NC,04 SK 2차 6라운드 42순위,2026,LG,4.31,43,0,0,6,0,1,16,1.0,175,39 2/3,44,4,16,1,28,19,19,2026-07-20,True,True,186,90,119
76118,https://www.koreabaseball.com/Record/Player/PitcherDetail/Basic.aspx?playerId=76118,원종현,39,1987-07-31,P,R/R,182cm/88kg,군산중앙초-군산중-군산상고-LG-경찰-NC,06 LG 2차 2라운드 11순위,2026,키움,3.51,34,0,0,1,3,4,6,0.25,144,33 1/3,36,0,9,0,26,16,13,2026-07-20,True,True,182,88,100
76225,https://www.koreabaseball.com/Record/Player/PitcherDetail/Basic.aspx?playerId=76225,김건국,38,1988-02-02,P,R/R,183cm/86kg,한서초(서부리틀)-청량중-덕수고-두산-KT-롯데,06 두산 2차 1라운드 6순위,2026,KIA,7.94,6,0,0,0,0,0,0,,29,5 2/3,6,1,5,0,6,6,5,2026-07-20,True,True,183,86,17
76715,https://www.koreabaseball.com/Record/Player/PitcherDetail/Basic.aspx?playerId=76715,류현진,39,1987-03-25,P,R/L,190cm/113kg,창영초-동산중-동산고-(대전대)-한화-LA다저스-토론토,06 한화 2차 1라운드 2순위,2026,한화,2.9,16,0,0,8,2,0,0,0.8,379,93,90,4,12,3,77,37,30,2026-07-20,True,True,190,113,279
77211,https://www.koreabaseball.com/Record/Player/PitcherDetail/Basic.aspx?playerId=77211,이용찬,37,1989-01-02,P,R/R,185cm/85kg,신원초-양천중-장충고-두산-상무-두산-NC,07 두산 1차,2026,두산,4.91,27,0,0,3,0,1,5,1.0,111,25 2/3,23,7,8,2,25,14,14,2026-07-20,True,True,185,85,77
77263,https://www.koreabaseball.com/Record/Player/PitcherDetail/Basic.aspx?playerId=77263,김강률,38,1988-08-28,P,R/R,187cm/95kg,문촌초(일산리틀)-장성중-경기고-두산-상무-두산,07 두산 2차 4라운드 26순위,2026,LG,9.0,2,0,0,0,0,0,0,,8,1,3,0,2,0,1,1,1,2026-07-20,True,True,187,95,3
77446,https://www.koreabaseball.com/Record/Player/PitcherDetail/Basic.aspx?playerId=77446,백정현,39,1987-07-13,P,L/L,184cm/80kg,대구옥산초-대구중-대구상원고,07 삼성 2차 1라운드 8순위,2026,삼성,6.75,25,0,0,2,2,0,3,0.5,90,21 1/3,21,6,8,0,15,16,16,2026-07-20,True,True,184,80,64
77637,https://www.koreabaseball.com/Record/Player/PitcherDetail/Basic.aspx?playerId=77637,양현종,38,1988-03-01,P,L/L,183cm/91kg,학강초-광주동성중-광주동성고-KIA-텍사스,07 KIA 2차 1라운드 1순위,2026,KIA,3.78,17,0,0,6,5,0,0,0.545,365,83 1/3,77,10,40,1,54,40,35,2026-07-20,True,True,183,91,250
